{
    "$schema": "https://schema.cognitiveservices.azure.com/formrecognizer/2021-03-01/labels.json",
    "document": "f1099msc_payer_2.pdf",
    "labels": [
        {
            "label": "PayerName",
            "key": null,
            "value": [
                {
                    "page": 1,
                    "text": "Fishing",
                    "boundingBoxes": [
                        [
                            0.08483529411764705,
                            0.07682727272727273,
                            0.1264,
                            0.07725454545454545,
                            0.12584705882352942,
                            0.08854545454545454,
                            0.08427058823529412,
                            0.08767272727272728
                        ]
                    ]
                },
                {
                    "page": 1,
                    "text": "Company",
                    "boundingBoxes": [
                        [
                            0.12921176470588236,
                            0.07725454545454545,
                            0.18819999999999998,
                            0.07812727272727273,
                            0.18763529411764707,
                            0.08897272727272727,
                            0.1286470588235294,
                            0.08854545454545454
                        ]
                    ]
                }
            ]
        },
        {
            "label": "PayerAddress",
            "key": null,
            "value": [
                {
                    "page": 1,
                    "text": "1400",
                    "boundingBoxes": [
                        [
                            0.08483529411764705,
                            0.08897272727272727,
                            0.11291764705882353,
                            0.08897272727272727,
                            0.11348235294117648,
                            0.09852727272727274,
                            0.08538823529411765,
                            0.09852727272727274
                        ]
                    ]
                },
                {
                    "page": 1,
                    "text": "Centre",
                    "boundingBoxes": [
                        [
                            0.11572941176470589,
                            0.08897272727272727,
                            0.15674117647058824,
                            0.08940909090909091,
                            0.15674117647058824,
                            0.09895454545454546,
                            0.11572941176470589,
                            0.09852727272727274
                        ]
                    ]
                },
                {
                    "page": 1,
                    "text": "Ave",
                    "boundingBoxes": [
                        [
                            0.15898823529411765,
                            0.08940909090909091,
                            0.18314117647058822,
                            0.08940909090909091,
                            0.18314117647058822,
                            0.09895454545454546,
                            0.1595529411764706,
                            0.09895454545454546
                        ]
                    ]
                },
                {
                    "page": 1,
                    "text": "Pittsburgh,",
                    "boundingBoxes": [
                        [
                            0.08483529411764705,
                            0.10069090909090908,
                            0.14718823529411765,
                            0.10112727272727273,
                            0.14718823529411765,
                            0.11154545454545456,
                            0.08483529411764705,
                            0.11110909090909091
                        ]
                    ]
                },
                {
                    "page": 1,
                    "text": "PA",
                    "boundingBoxes": [
                        [
                            0.15,
                            0.10112727272727273,
                            0.16629411764705881,
                            0.10112727272727273,
                            0.16629411764705881,
                            0.11154545454545456,
                            0.15,
                            0.11154545454545456
                        ]
                    ]
                },
                {
                    "page": 1,
                    "text": "15213",
                    "boundingBoxes": [
                        [
                            0.1719058823529412,
                            0.10069090909090908,
                            0.20898823529411764,
                            0.10026363636363636,
                            0.20898823529411764,
                            0.11110909090909091,
                            0.1719058823529412,
                            0.11154545454545456
                        ]
                    ]
                }
            ]
        },
        {
            "label": "PayerTIN",
            "key": null,
            "value": [
                {
                    "page": 1,
                    "text": "12-457835",
                    "boundingBoxes": [
                        [
                            0.15281176470588234,
                            0.19878181818181817,
                            0.21236470588235293,
                            0.19878181818181817,
                            0.21236470588235293,
                            0.20833636363636365,
                            0.15281176470588234,
                            0.20833636363636365
                        ]
                    ]
                }
            ]
        },
        {
            "label": "RecipientTIN",
            "key": null,
            "value": [
                {
                    "page": 1,
                    "text": "23-567-5678",
                    "boundingBoxes": [
                        [
                            0.34494117647058825,
                            0.19878181818181817,
                            0.41741176470588237,
                            0.19878181818181817,
                            0.41741176470588237,
                            0.20833636363636365,
                            0.34550588235294116,
                            0.20833636363636365
                        ]
                    ]
                }
            ]
        },
        {
            "label": "RecipientName",
            "key": null,
            "value": [
                {
                    "page": 1,
                    "text": "Bobby",
                    "boundingBoxes": [
                        [
                            0.08483529411764705,
                            0.25217272727272727,
                            0.1213529411764706,
                            0.25173636363636365,
                            0.1213529411764706,
                            0.2625909090909091,
                            0.08483529411764705,
                            0.2621545454545455
                        ]
                    ]
                },
                {
                    "page": 1,
                    "text": "Charlton",
                    "boundingBoxes": [
                        [
                            0.12415294117647058,
                            0.25173636363636365,
                            0.17471764705882353,
                            0.25217272727272727,
                            0.17471764705882353,
                            0.2621545454545455,
                            0.12415294117647058,
                            0.2625909090909091
                        ]
                    ]
                }
            ]
        },
        {
            "label": "RecipientAddress",
            "key": null,
            "value": [
                {
                    "page": 1,
                    "text": "643",
                    "boundingBoxes": [
                        [
                            0.08483529411764705,
                            0.29774545454545454,
                            0.10674117647058823,
                            0.29774545454545454,
                            0.10674117647058823,
                            0.3077272727272727,
                            0.08483529411764705,
                            0.3077272727272727
                        ]
                    ]
                },
                {
                    "page": 1,
                    "text": "Fishing",
                    "boundingBoxes": [
                        [
                            0.10898823529411765,
                            0.29774545454545454,
                            0.1522470588235294,
                            0.29774545454545454,
                            0.15168235294117646,
                            0.30816363636363636,
                            0.10898823529411765,
                            0.3077272727272727
                        ]
                    ]
                },
                {
                    "page": 1,
                    "text": "Lane",
                    "boundingBoxes": [
                        [
                            0.15505882352941178,
                            0.29774545454545454,
                            0.1859529411764706,
                            0.29774545454545454,
                            0.18538823529411766,
                            0.30816363636363636,
                            0.1544941176470588,
                            0.30816363636363636
                        ]
                    ]
                },
                {
                    "page": 1,
                    "text": "San",
                    "boundingBoxes": [
                        [
                            0.08483529411764705,
                            0.3428818181818182,
                            0.10730588235294118,
                            0.3428818181818182,
                            0.10730588235294118,
                            0.352,
                            0.08538823529411765,
                            0.352
                        ]
                    ]
                },
                {
                    "page": 1,
                    "text": "Francisco,",
                    "boundingBoxes": [
                        [
                            0.10955294117647059,
                            0.3428818181818182,
                            0.17247058823529413,
                            0.34244545454545455,
                            0.1719058823529412,
                            0.35242727272727276,
                            0.10955294117647059,
                            0.352
                        ]
                    ]
                },
                {
                    "page": 1,
                    "text": "CA,",
                    "boundingBoxes": [
                        [
                            0.17471764705882353,
                            0.34244545454545455,
                            0.1977529411764706,
                            0.34244545454545455,
                            0.19718823529411764,
                            0.35242727272727276,
                            0.17471764705882353,
                            0.35242727272727276
                        ]
                    ]
                },
                {
                    "page": 1,
                    "text": "93474",
                    "boundingBoxes": [
                        [
                            0.19999999999999998,
                            0.34244545454545455,
                            0.2370823529411765,
                            0.34201818181818183,
                            0.23651764705882355,
                            0.352,
                            0.19943529411764707,
                            0.35242727272727276
                        ]
                    ]
                }
            ]
        },
        {
            "label": "AccountNumber",
            "key": null,
            "value": [
                {
                    "page": 1,
                    "text": "64564A",
                    "boundingBoxes": [
                        [
                            0.18876470588235295,
                            0.3971363636363636,
                            0.2320235294117647,
                            0.3967,
                            0.2320235294117647,
                            0.40581818181818186,
                            0.18876470588235295,
                            0.4062545454545454
                        ]
                    ]
                }
            ]
        },
        {
            "label": "FATCA",
            "key": null,
            "value": [
                {
                    "page": 1,
                    "text": "unselected",
                    "boundingBoxes": [
                        [
                            0.37123529411764705,
                            0.39141818181818183,
                            0.38431764705882354,
                            0.39141818181818183,
                            0.38431764705882354,
                            0.4015181818181818,
                            0.37123529411764705,
                            0.4015181818181818
                        ]
                    ]
                }
            ]
        },
        {
            "label": "2ndTIN",
            "key": null,
            "value": [
                {
                    "page": 1,
                    "text": "unselected",
                    "boundingBoxes": [
                        [
                            0.4418235294117647,
                            0.39141818181818183,
                            0.45490588235294116,
                            0.39141818181818183,
                            0.45490588235294116,
                            0.4015181818181818,
                            0.4418235294117647,
                            0.4015181818181818
                        ]
                    ]
                }
            ]
        },
        {
            "label": "Rents",
            "key": null,
            "value": [
                {
                    "page": 1,
                    "text": "90,000",
                    "boundingBoxes": [
                        [
                            0.6033764705882353,
                            0.07942727272727274,
                            0.6426941176470589,
                            0.07855454545454545,
                            0.6426941176470589,
                            0.08854545454545454,
                            0.6033764705882353,
                            0.08854545454545454
                        ]
                    ]
                }
            ]
        },
        {
            "label": "FederalIncomeTaxWithheld",
            "key": null,
            "value": [
                {
                    "page": 1,
                    "text": "15,110",
                    "boundingBoxes": [
                        [
                            0.7685411764705883,
                            0.15494545454545453,
                            0.8056235294117647,
                            0.1545181818181818,
                            0.8056235294117647,
                            0.16362727272727273,
                            0.7685411764705883,
                            0.16362727272727273
                        ]
                    ]
                }
            ]
        },
        {
            "label": "FishingBoatProceeds",
            "key": null,
            "value": [
                {
                    "page": 1,
                    "text": "2,300",
                    "boundingBoxes": [
                        [
                            0.6095529411764705,
                            0.21570909090909088,
                            0.6426941176470589,
                            0.21484545454545456,
                            0.6426941176470589,
                            0.22395454545454543,
                            0.6101176470588235,
                            0.22482727272727274
                        ]
                    ]
                }
            ]
        },
        {
            "label": "DirectSale5000",
            "key": null,
            "value": [
                {
                    "page": 1,
                    "text": "unselected",
                    "boundingBoxes": [
                        [
                            0.6182941176470588,
                            0.2601,
                            0.6313764705882353,
                            0.2601,
                            0.6313764705882353,
                            0.2702,
                            0.6182941176470588,
                            0.2702
                        ]
                    ]
                }
            ]
        },
        {
            "label": "CropInsuranceProceeds",
            "key": null,
            "value": [
                {
                    "page": 1,
                    "text": "1,000",
                    "boundingBoxes": [
                        [
                            0.6118,
                            0.3059909090909091,
                            0.6426941176470589,
                            0.3059909090909091,
                            0.6426941176470589,
                            0.3155363636363636,
                            0.6118,
                            0.3155363636363636
                        ]
                    ]
                }
            ]
        },
        {
            "label": "FishResale",
            "key": null,
            "value": [
                {
                    "page": 1,
                    "text": "10,000",
                    "boundingBoxes": [
                        [
                            0.6039294117647058,
                            0.35156363636363636,
                            0.6426941176470589,
                            0.35156363636363636,
                            0.6426941176470589,
                            0.3611090909090909,
                            0.6039294117647058,
                            0.3611090909090909
                        ]
                    ]
                }
            ]
        },
        {
            "label": "StateNo",
            "key": null,
            "value": [
                {
                    "page": 1,
                    "text": "CA",
                    "boundingBoxes": [
                        [
                            0.7202235294117647,
                            0.4270818181818182,
                            0.7353882352941177,
                            0.4270818181818182,
                            0.7353882352941177,
                            0.4362,
                            0.7202235294117647,
                            0.43576363636363635
                        ]
                    ]
                }
            ]
        },
        {
            "label": "StateIncome",
            "key": null,
            "value": [
                {
                    "page": 1,
                    "text": "2,000",
                    "boundingBoxes": [
                        [
                            0.9078705882352941,
                            0.4279545454545454,
                            0.9393294117647059,
                            0.42751818181818185,
                            0.938764705882353,
                            0.43663636363636366,
                            0.9084235294117646,
                            0.43663636363636366
                        ]
                    ]
                }
            ]
        }
    ],
    "labelingState": 2
}