{
    "$schema": "https://schema.cognitiveservices.azure.com/formrecognizer/2021-03-01/labels.json",
    "document": "f1099msc_recipient_2.pdf",
    "labels": [
        {
            "label": "PayerName",
            "key": null,
            "value": [
                {
                    "page": 1,
                    "text": "Test",
                    "boundingBoxes": [
                        [
                            0.08651764705882353,
                            0.07855454545454545,
                            0.11291764705882353,
                            0.07855454545454545,
                            0.11291764705882353,
                            0.08897272727272727,
                            0.08651764705882353,
                            0.08854545454545454
                        ]
                    ]
                },
                {
                    "page": 1,
                    "text": "Company",
                    "boundingBoxes": [
                        [
                            0.11516470588235295,
                            0.07855454545454545,
                            0.17696470588235294,
                            0.07855454545454545,
                            0.17696470588235294,
                            0.08940909090909091,
                            0.11572941176470589,
                            0.08897272727272727
                        ]
                    ]
                },
                {
                    "page": 1,
                    "text": "2,",
                    "boundingBoxes": [
                        [
                            0.1797764705882353,
                            0.07855454545454545,
                            0.19269411764705882,
                            0.07855454545454545,
                            0.19269411764705882,
                            0.08984545454545455,
                            0.1797764705882353,
                            0.08940909090909091
                        ]
                    ]
                }
            ]
        },
        {
            "label": "PayerAddress",
            "key": null,
            "value": [
                {
                    "page": 1,
                    "text": "Park",
                    "boundingBoxes": [
                        [
                            0.0859529411764706,
                            0.09028181818181819,
                            0.11404705882352942,
                            0.0907090909090909,
                            0.11461176470588234,
                            0.10069090909090908,
                            0.08651764705882353,
                            0.10069090909090908
                        ]
                    ]
                },
                {
                    "page": 1,
                    "text": "Avenue",
                    "boundingBoxes": [
                        [
                            0.11685882352941176,
                            0.0907090909090909,
                            0.16516470588235294,
                            0.09114545454545454,
                            0.16461176470588235,
                            0.10026363636363636,
                            0.11741176470588235,
                            0.10069090909090908
                        ]
                    ]
                },
                {
                    "page": 1,
                    "text": "Road",
                    "boundingBoxes": [
                        [
                            0.16741176470588237,
                            0.09114545454545454,
                            0.20224705882352942,
                            0.09114545454545454,
                            0.20168235294117645,
                            0.10026363636363636,
                            0.16741176470588237,
                            0.10026363636363636
                        ]
                    ]
                },
                {
                    "page": 1,
                    "text": "Jersey",
                    "boundingBoxes": [
                        [
                            0.0859529411764706,
                            0.10242727272727273,
                            0.1275294117647059,
                            0.10242727272727273,
                            0.1275294117647059,
                            0.11328181818181818,
                            0.08538823529411765,
                            0.11284545454545455
                        ]
                    ]
                },
                {
                    "page": 1,
                    "text": "City",
                    "boundingBoxes": [
                        [
                            0.13034117647058824,
                            0.10242727272727273,
                            0.15562352941176472,
                            0.10242727272727273,
                            0.15562352941176472,
                            0.11328181818181818,
                            0.1297764705882353,
                            0.11328181818181818
                        ]
                    ]
                },
                {
                    "page": 1,
                    "text": "NJ",
                    "boundingBoxes": [
                        [
                            0.1584235294117647,
                            0.10242727272727273,
                            0.1764,
                            0.10242727272727273,
                            0.1764,
                            0.11328181818181818,
                            0.1584235294117647,
                            0.11328181818181818
                        ]
                    ]
                },
                {
                    "page": 1,
                    "text": "07343",
                    "boundingBoxes": [
                        [
                            0.17921176470588238,
                            0.10242727272727273,
                            0.2179764705882353,
                            0.10242727272727273,
                            0.21741176470588236,
                            0.1124090909090909,
                            0.1786470588235294,
                            0.11328181818181818
                        ]
                    ]
                }
            ]
        },
        {
            "label": "PayerTIN",
            "key": null,
            "value": [
                {
                    "page": 1,
                    "text": "12-457445",
                    "boundingBoxes": [
                        [
                            0.1522470588235294,
                            0.19878181818181817,
                            0.21291764705882354,
                            0.19878181818181817,
                            0.21291764705882354,
                            0.20833636363636365,
                            0.15281176470588234,
                            0.20833636363636365
                        ]
                    ]
                }
            ]
        },
        {
            "label": "RecipientTIN",
            "key": null,
            "value": [
                {
                    "page": 1,
                    "text": "34-567-6923",
                    "boundingBoxes": [
                        [
                            0.34494117647058825,
                            0.19878181818181817,
                            0.41910588235294116,
                            0.19878181818181817,
                            0.41910588235294116,
                            0.20833636363636365,
                            0.34550588235294116,
                            0.20833636363636365
                        ]
                    ]
                }
            ]
        },
        {
            "label": "RecipientName",
            "key": null,
            "value": [
                {
                    "page": 1,
                    "text": "Supplier",
                    "boundingBoxes": [
                        [
                            0.08708235294117647,
                            0.25173636363636365,
                            0.13763529411764705,
                            0.25173636363636365,
                            0.13763529411764705,
                            0.2625909090909091,
                            0.08708235294117647,
                            0.2625909090909091
                        ]
                    ]
                },
                {
                    "page": 1,
                    "text": "Box",
                    "boundingBoxes": [
                        [
                            0.1404470588235294,
                            0.25173636363636365,
                            0.16741176470588237,
                            0.25173636363636365,
                            0.16741176470588237,
                            0.2621545454545455,
                            0.1404470588235294,
                            0.2625909090909091
                        ]
                    ]
                }
            ]
        },
        {
            "label": "RecipientAddress",
            "key": null,
            "value": [
                {
                    "page": 1,
                    "text": "Ring",
                    "boundingBoxes": [
                        [
                            0.08651764705882353,
                            0.2973090909090909,
                            0.11404705882352942,
                            0.2973090909090909,
                            0.11461176470588234,
                            0.30816363636363636,
                            0.08651764705882353,
                            0.30816363636363636
                        ]
                    ]
                },
                {
                    "page": 1,
                    "text": "Road",
                    "boundingBoxes": [
                        [
                            0.11685882352941176,
                            0.2973090909090909,
                            0.15112941176470587,
                            0.2973090909090909,
                            0.15112941176470587,
                            0.3077272727272727,
                            0.11685882352941176,
                            0.30816363636363636
                        ]
                    ]
                },
                {
                    "page": 1,
                    "text": "1414",
                    "boundingBoxes": [
                        [
                            0.15505882352941178,
                            0.2973090909090909,
                            0.18483529411764704,
                            0.29774545454545454,
                            0.18483529411764704,
                            0.3077272727272727,
                            0.15505882352941178,
                            0.3077272727272727
                        ]
                    ]
                },
                {
                    "page": 1,
                    "text": "Denver,",
                    "boundingBoxes": [
                        [
                            0.0859529411764706,
                            0.3428818181818182,
                            0.1342705882352941,
                            0.3428818181818182,
                            0.1342705882352941,
                            0.3528636363636364,
                            0.08651764705882353,
                            0.3528636363636364
                        ]
                    ]
                },
                {
                    "page": 1,
                    "text": "CO",
                    "boundingBoxes": [
                        [
                            0.13708235294117646,
                            0.3428818181818182,
                            0.1544941176470588,
                            0.3428818181818182,
                            0.1544941176470588,
                            0.35242727272727276,
                            0.13708235294117646,
                            0.3528636363636364
                        ]
                    ]
                },
                {
                    "page": 1,
                    "text": "80123",
                    "boundingBoxes": [
                        [
                            0.16067058823529412,
                            0.3428818181818182,
                            0.19831764705882352,
                            0.3428818181818182,
                            0.19831764705882352,
                            0.35242727272727276,
                            0.16067058823529412,
                            0.35242727272727276
                        ]
                    ]
                }
            ]
        },
        {
            "label": "AccountNumber",
            "key": null,
            "value": [
                {
                    "page": 1,
                    "text": "20211101",
                    "boundingBoxes": [
                        [
                            0.1820235294117647,
                            0.3971363636363636,
                            0.2398823529411765,
                            0.3967,
                            0.23932941176470587,
                            0.4062545454545454,
                            0.1820235294117647,
                            0.40668181818181814
                        ]
                    ]
                }
            ]
        },
        {
            "label": "FATCA",
            "key": null,
            "value": [
                {
                    "page": 1,
                    "text": "unselected",
                    "boundingBoxes": [
                        [
                            0.37123529411764705,
                            0.39141818181818183,
                            0.38431764705882354,
                            0.39141818181818183,
                            0.38431764705882354,
                            0.4015181818181818,
                            0.37123529411764705,
                            0.4015181818181818
                        ]
                    ]
                }
            ]
        },
        {
            "label": "Rents",
            "key": null,
            "value": [
                {
                    "page": 1,
                    "text": "1,500",
                    "boundingBoxes": [
                        [
                            0.6089882352941176,
                            0.0789909090909091,
                            0.6415764705882353,
                            0.07812727272727273,
                            0.6421294117647058,
                            0.0881090909090909,
                            0.6095529411764705,
                            0.08897272727272727
                        ]
                    ]
                }
            ]
        },
        {
            "label": "Royalties",
            "key": null,
            "value": [
                {
                    "page": 1,
                    "text": "2,000",
                    "boundingBoxes": [
                        [
                            0.6084235294117647,
                            0.12456363636363638,
                            0.6404470588235295,
                            0.1237,
                            0.6410117647058824,
                            0.13324545454545456,
                            0.6089882352941176,
                            0.13411818181818183
                        ]
                    ]
                }
            ]
        },
        {
            "label": "OtherIncome",
            "key": null,
            "value": [
                {
                    "page": 1,
                    "text": "4,000",
                    "boundingBoxes": [
                        [
                            0.6089882352941176,
                            0.1545181818181818,
                            0.6410117647058824,
                            0.1545181818181818,
                            0.6410117647058824,
                            0.16362727272727273,
                            0.6089882352941176,
                            0.16362727272727273
                        ]
                    ]
                }
            ]
        },
        {
            "label": "MedicalHealthCarePayments",
            "key": null,
            "value": [
                {
                    "page": 1,
                    "text": "15,000",
                    "boundingBoxes": [
                        [
                            0.7674117647058823,
                            0.21570909090909088,
                            0.8050588235294117,
                            0.21528181818181819,
                            0.8050588235294117,
                            0.22482727272727274,
                            0.7679764705882353,
                            0.22482727272727274
                        ]
                    ]
                }
            ]
        },
        {
            "label": "DirectSale5000",
            "key": null,
            "value": [
                {
                    "page": 1,
                    "text": "selected",
                    "boundingBoxes": [
                        [
                            0.6182941176470588,
                            0.2601,
                            0.6313764705882353,
                            0.2601,
                            0.6313764705882353,
                            0.2702,
                            0.6182941176470588,
                            0.2702
                        ]
                    ]
                }
            ]
        },
        {
            "label": "409ADeferrals",
            "key": null,
            "value": [
                {
                    "page": 1,
                    "text": "1,000",
                    "boundingBoxes": [
                        [
                            0.7741529411764706,
                            0.35156363636363636,
                            0.8061764705882353,
                            0.35156363636363636,
                            0.8061764705882353,
                            0.3611090909090909,
                            0.7741529411764706,
                            0.3611090909090909
                        ]
                    ]
                }
            ]
        },
        {
            "label": "ExcessGoldenParachutePayments",
            "key": null,
            "value": [
                {
                    "page": 1,
                    "text": "300,000",
                    "boundingBoxes": [
                        [
                            0.5949411764705883,
                            0.3971363636363636,
                            0.6410117647058824,
                            0.3971363636363636,
                            0.6410117647058824,
                            0.40668181818181814,
                            0.5949411764705883,
                            0.40668181818181814
                        ]
                    ]
                }
            ]
        },
        {
            "label": "StateTaxWithheld",
            "key": null,
            "value": [
                {
                    "page": 1,
                    "text": "200",
                    "boundingBoxes": [
                        [
                            0.6202235294117646,
                            0.42751818181818185,
                            0.6398823529411765,
                            0.42751818181818185,
                            0.6398823529411765,
                            0.43576363636363635,
                            0.6202235294117646,
                            0.43576363636363635
                        ]
                    ]
                }
            ]
        },
        {
            "label": "StateNo",
            "key": null,
            "value": [
                {
                    "page": 1,
                    "text": "CA",
                    "boundingBoxes": [
                        [
                            0.7196588235294117,
                            0.4270818181818182,
                            0.734835294117647,
                            0.4270818181818182,
                            0.734835294117647,
                            0.4362,
                            0.7196588235294117,
                            0.4362
                        ]
                    ]
                }
            ]
        },
        {
            "label": "StateIncome",
            "key": null,
            "value": [
                {
                    "page": 1,
                    "text": "1,000",
                    "boundingBoxes": [
                        [
                            0.9067411764705883,
                            0.42751818181818185,
                            0.9382,
                            0.4270818181818182,
                            0.938764705882353,
                            0.43576363636363635,
                            0.9067411764705883,
                            0.4362
                        ]
                    ]
                }
            ]
        }
    ],
    "labelingState": 2
}