{
    "$schema": "https://schema.cognitiveservices.azure.com/formrecognizer/2021-03-01/labels.json",
    "document": "f1099msc_payer.pdf",
    "labels": [
        {
            "label": "PayerName",
            "key": null,
            "value": [
                {
                    "page": 1,
                    "text": "Yale",
                    "boundingBoxes": [
                        [
                            0.08483529411764705,
                            0.07682727272727273,
                            0.11011764705882354,
                            0.07725454545454545,
                            0.11011764705882354,
                            0.08723636363636364,
                            0.08483529411764705,
                            0.08723636363636364
                        ]
                    ]
                },
                {
                    "page": 1,
                    "text": "University",
                    "boundingBoxes": [
                        [
                            0.11236470588235294,
                            0.07725454545454545,
                            0.17247058823529413,
                            0.07769090909090909,
                            0.1719058823529412,
                            0.0881090909090909,
                            0.11236470588235294,
                            0.08723636363636364
                        ]
                    ]
                }
            ]
        },
        {
            "label": "PayerAddress",
            "key": null,
            "value": [
                {
                    "page": 1,
                    "text": "P.O.",
                    "boundingBoxes": [
                        [
                            0.08538823529411765,
                            0.08897272727272727,
                            0.11123529411764706,
                            0.08897272727272727,
                            0.11067058823529412,
                            0.09852727272727274,
                            0.08483529411764705,
                            0.09895454545454546
                        ]
                    ]
                },
                {
                    "page": 1,
                    "text": "Box",
                    "boundingBoxes": [
                        [
                            0.11348235294117648,
                            0.08897272727272727,
                            0.13763529411764705,
                            0.08897272727272727,
                            0.13708235294117646,
                            0.09852727272727274,
                            0.11291764705882353,
                            0.09852727272727274
                        ]
                    ]
                },
                {
                    "page": 1,
                    "text": "202032",
                    "boundingBoxes": [
                        [
                            0.1404470588235294,
                            0.08897272727272727,
                            0.18483529411764704,
                            0.08897272727272727,
                            0.18427058823529413,
                            0.09852727272727274,
                            0.13988235294117649,
                            0.09852727272727274
                        ]
                    ]
                },
                {
                    "page": 1,
                    "text": "New",
                    "boundingBoxes": [
                        [
                            0.08427058823529412,
                            0.10069090909090908,
                            0.10730588235294118,
                            0.10069090909090908,
                            0.10787058823529412,
                            0.11067272727272727,
                            0.08427058823529412,
                            0.11024545454545454
                        ]
                    ]
                },
                {
                    "page": 1,
                    "text": "Haven,",
                    "boundingBoxes": [
                        [
                            0.11348235294117648,
                            0.10069090909090908,
                            0.15562352941176472,
                            0.10069090909090908,
                            0.15562352941176472,
                            0.11067272727272727,
                            0.11348235294117648,
                            0.11067272727272727
                        ]
                    ]
                },
                {
                    "page": 1,
                    "text": "CT",
                    "boundingBoxes": [
                        [
                            0.1584235294117647,
                            0.10069090909090908,
                            0.17696470588235294,
                            0.10069090909090908,
                            0.17696470588235294,
                            0.11067272727272727,
                            0.1584235294117647,
                            0.11067272727272727
                        ]
                    ]
                },
                {
                    "page": 1,
                    "text": "06520-8283",
                    "boundingBoxes": [
                        [
                            0.17921176470588238,
                            0.10069090909090908,
                            0.2511294117647059,
                            0.10069090909090908,
                            0.2505647058823529,
                            0.11024545454545454,
                            0.17921176470588238,
                            0.11067272727272727
                        ]
                    ]
                }
            ]
        },
        {
            "label": "PayerTIN",
            "key": null,
            "value": [
                {
                    "page": 1,
                    "text": "12-1234567",
                    "boundingBoxes": [
                        [
                            0.14831764705882353,
                            0.19878181818181817,
                            0.21629411764705883,
                            0.19878181818181817,
                            0.21629411764705883,
                            0.20833636363636365,
                            0.14831764705882353,
                            0.20833636363636365
                        ]
                    ]
                }
            ]
        },
        {
            "label": "RecipientTIN",
            "key": null,
            "value": [
                {
                    "page": 1,
                    "text": "XYX-XA-9999",
                    "boundingBoxes": [
                        [
                            0.34101176470588235,
                            0.19878181818181817,
                            0.42303529411764706,
                            0.1979181818181818,
                            0.42303529411764706,
                            0.20833636363636365,
                            0.34101176470588235,
                            0.20833636363636365
                        ]
                    ]
                }
            ]
        },
        {
            "label": "RecipientName",
            "key": null,
            "value": [
                {
                    "page": 1,
                    "text": "John",
                    "boundingBoxes": [
                        [
                            0.08483529411764705,
                            0.25217272727272727,
                            0.11236470588235294,
                            0.25217272727272727,
                            0.11236470588235294,
                            0.26128181818181817,
                            0.08483529411764705,
                            0.26128181818181817
                        ]
                    ]
                },
                {
                    "page": 1,
                    "text": "Doe",
                    "boundingBoxes": [
                        [
                            0.11516470588235295,
                            0.25217272727272727,
                            0.14101176470588236,
                            0.25217272727272727,
                            0.1404470588235294,
                            0.26128181818181817,
                            0.11516470588235295,
                            0.26128181818181817
                        ]
                    ]
                }
            ]
        },
        {
            "label": "RecipientAddress",
            "key": null,
            "value": [
                {
                    "page": 1,
                    "text": "150",
                    "boundingBoxes": [
                        [
                            0.08483529411764705,
                            0.29774545454545454,
                            0.10505882352941176,
                            0.2973090909090909,
                            0.10617647058823529,
                            0.3077272727272727,
                            0.0859529411764706,
                            0.30729090909090906
                        ]
                    ]
                },
                {
                    "page": 1,
                    "text": "Murray",
                    "boundingBoxes": [
                        [
                            0.10787058823529412,
                            0.2973090909090909,
                            0.15056470588235293,
                            0.2973090909090909,
                            0.15112941176470587,
                            0.30816363636363636,
                            0.1084235294117647,
                            0.3077272727272727
                        ]
                    ]
                },
                {
                    "page": 1,
                    "text": "Avenue",
                    "boundingBoxes": [
                        [
                            0.1533764705882353,
                            0.2973090909090909,
                            0.1988705882352941,
                            0.2968727272727273,
                            0.1988705882352941,
                            0.3077272727272727,
                            0.15392941176470587,
                            0.30816363636363636
                        ]
                    ]
                },
                {
                    "page": 1,
                    "text": "APT",
                    "boundingBoxes": [
                        [
                            0.20168235294117645,
                            0.2968727272727273,
                            0.22752941176470587,
                            0.2968727272727273,
                            0.22752941176470587,
                            0.30729090909090906,
                            0.20168235294117645,
                            0.3077272727272727
                        ]
                    ]
                },
                {
                    "page": 1,
                    "text": "104",
                    "boundingBoxes": [
                        [
                            0.2320235294117647,
                            0.2968727272727273,
                            0.25392941176470585,
                            0.2968727272727273,
                            0.25392941176470585,
                            0.30685454545454544,
                            0.2320235294117647,
                            0.30729090909090906
                        ]
                    ]
                },
                {
                    "page": 1,
                    "text": "New",
                    "boundingBoxes": [
                        [
                            0.08483529411764705,
                            0.34244545454545455,
                            0.10730588235294118,
                            0.34244545454545455,
                            0.10787058823529412,
                            0.35242727272727276,
                            0.08483529411764705,
                            0.352
                        ]
                    ]
                },
                {
                    "page": 1,
                    "text": "Haven,",
                    "boundingBoxes": [
                        [
                            0.11348235294117648,
                            0.34244545454545455,
                            0.15617647058823528,
                            0.34244545454545455,
                            0.15617647058823528,
                            0.35242727272727276,
                            0.11348235294117648,
                            0.35242727272727276
                        ]
                    ]
                },
                {
                    "page": 1,
                    "text": "CT",
                    "boundingBoxes": [
                        [
                            0.1584235294117647,
                            0.34244545454545455,
                            0.17696470588235294,
                            0.34244545454545455,
                            0.17696470588235294,
                            0.35242727272727276,
                            0.1584235294117647,
                            0.35242727272727276
                        ]
                    ]
                },
                {
                    "page": 1,
                    "text": "06511",
                    "boundingBoxes": [
                        [
                            0.17921176470588238,
                            0.34244545454545455,
                            0.21741176470588236,
                            0.34201818181818183,
                            0.21741176470588236,
                            0.352,
                            0.17921176470588238,
                            0.35242727272727276
                        ]
                    ]
                }
            ]
        },
        {
            "label": "AccountNumber",
            "key": null,
            "value": [
                {
                    "page": 1,
                    "text": "152234A",
                    "boundingBoxes": [
                        [
                            0.1859529411764706,
                            0.3971363636363636,
                            0.23538823529411765,
                            0.3967,
                            0.23538823529411765,
                            0.4062545454545454,
                            0.1865176470588235,
                            0.4062545454545454
                        ]
                    ]
                }
            ]
        },
        {
            "label": "FATCA",
            "key": null,
            "value": [
                {
                    "page": 1,
                    "text": "selected",
                    "boundingBoxes": [
                        [
                            0.37123529411764705,
                            0.39141818181818183,
                            0.38431764705882354,
                            0.39141818181818183,
                            0.38431764705882354,
                            0.4015181818181818,
                            0.37123529411764705,
                            0.4015181818181818
                        ]
                    ]
                }
            ]
        },
        {
            "label": "2ndTIN",
            "key": null,
            "value": [
                {
                    "page": 1,
                    "text": "selected",
                    "boundingBoxes": [
                        [
                            0.4418235294117647,
                            0.39141818181818183,
                            0.45490588235294116,
                            0.39141818181818183,
                            0.45490588235294116,
                            0.4015181818181818,
                            0.4418235294117647,
                            0.4015181818181818
                        ]
                    ]
                }
            ]
        },
        {
            "label": "Rents",
            "key": null,
            "value": [
                {
                    "page": 1,
                    "text": "1,500",
                    "boundingBoxes": [
                        [
                            0.6112352941176471,
                            0.07855454545454545,
                            0.6426941176470589,
                            0.07812727272727273,
                            0.6432588235294118,
                            0.08767272727272728,
                            0.6112352941176471,
                            0.0881090909090909
                        ]
                    ]
                }
            ]
        },
        {
            "label": "Royalties",
            "key": null,
            "value": [
                {
                    "page": 1,
                    "text": "350",
                    "boundingBoxes": [
                        [
                            0.6219058823529412,
                            0.12413636363636363,
                            0.6421294117647058,
                            0.12413636363636363,
                            0.6421294117647058,
                            0.13324545454545456,
                            0.6219058823529412,
                            0.13324545454545456
                        ]
                    ]
                }
            ]
        },
        {
            "label": "OtherIncome",
            "key": null,
            "value": [
                {
                    "page": 1,
                    "text": "20,000",
                    "boundingBoxes": [
                        [
                            0.6039294117647058,
                            0.1545181818181818,
                            0.6426941176470589,
                            0.1545181818181818,
                            0.6426941176470589,
                            0.16406363636363636,
                            0.6033764705882353,
                            0.16406363636363636
                        ]
                    ]
                }
            ]
        },
        {
            "label": "FederalIncomeTaxWithheld",
            "key": null,
            "value": [
                {
                    "page": 1,
                    "text": "4,200",
                    "boundingBoxes": [
                        [
                            0.7752823529411765,
                            0.1545181818181818,
                            0.8073058823529412,
                            0.1545181818181818,
                            0.8073058823529412,
                            0.16362727272727273,
                            0.7752823529411765,
                            0.16362727272727273
                        ]
                    ]
                }
            ]
        },
        {
            "label": "MedicalHealthCarePayments",
            "key": null,
            "value": [
                {
                    "page": 1,
                    "text": "700",
                    "boundingBoxes": [
                        [
                            0.7859529411764706,
                            0.21528181818181819,
                            0.8067411764705883,
                            0.21528181818181819,
                            0.8067411764705883,
                            0.2243909090909091,
                            0.7859529411764706,
                            0.2243909090909091
                        ]
                    ]
                }
            ]
        },
        {
            "label": "DirectSale5000",
            "key": null,
            "value": [
                {
                    "page": 1,
                    "text": "unselected",
                    "boundingBoxes": [
                        [
                            0.6182941176470588,
                            0.2601,
                            0.6313764705882353,
                            0.2601,
                            0.6313764705882353,
                            0.2702,
                            0.6182941176470588,
                            0.2702
                        ]
                    ]
                }
            ]
        },
        {
            "label": "GrossProceedsAttorney",
            "key": null,
            "value": [
                {
                    "page": 1,
                    "text": "500",
                    "boundingBoxes": [
                        [
                            0.7865176470588234,
                            0.3064272727272727,
                            0.8067411764705883,
                            0.3059909090909091,
                            0.8073058823529412,
                            0.31467272727272727,
                            0.7865176470588234,
                            0.3151
                        ]
                    ]
                }
            ]
        },
        {
            "label": "StateNo",
            "key": null,
            "value": [
                {
                    "page": 1,
                    "text": "CT",
                    "boundingBoxes": [
                        [
                            0.7196588235294117,
                            0.4270818181818182,
                            0.7365176470588235,
                            0.4270818181818182,
                            0.7365176470588235,
                            0.4362,
                            0.7196588235294117,
                            0.4362
                        ]
                    ]
                }
            ]
        }
    ],
    "labelingState": 2
}