{
    "$schema": "https://schema.cognitiveservices.azure.com/formrecognizer/2021-03-01/labels.json",
    "document": "f1099msc_state.pdf",
    "labels": [
        {
            "label": "PayerName",
            "key": null,
            "value": [
                {
                    "page": 1,
                    "text": "West",
                    "boundingBoxes": [
                        [
                            0.08651764705882353,
                            0.0789909090909091,
                            0.11797647058823528,
                            0.0789909090909091,
                            0.11797647058823528,
                            0.0881090909090909,
                            0.08651764705882353,
                            0.08854545454545454
                        ]
                    ]
                },
                {
                    "page": 1,
                    "text": "Books",
                    "boundingBoxes": [
                        [
                            0.12022352941176472,
                            0.0789909090909091,
                            0.16123529411764706,
                            0.0789909090909091,
                            0.16123529411764706,
                            0.0881090909090909,
                            0.12022352941176472,
                            0.0881090909090909
                        ]
                    ]
                }
            ]
        },
        {
            "label": "PayerAddress",
            "key": null,
            "value": [
                {
                    "page": 1,
                    "text": "43",
                    "boundingBoxes": [
                        [
                            0.0859529411764706,
                            0.0907090909090909,
                            0.10056470588235294,
                            0.0907090909090909,
                            0.10056470588235294,
                            0.10069090909090908,
                            0.0859529411764706,
                            0.10026363636363636
                        ]
                    ]
                },
                {
                    "page": 1,
                    "text": "Brooklyn",
                    "boundingBoxes": [
                        [
                            0.10337647058823529,
                            0.0907090909090909,
                            0.1595529411764706,
                            0.0907090909090909,
                            0.1595529411764706,
                            0.10112727272727273,
                            0.10281176470588235,
                            0.10069090909090908
                        ]
                    ]
                },
                {
                    "page": 1,
                    "text": "Road",
                    "boundingBoxes": [
                        [
                            0.16291764705882353,
                            0.0907090909090909,
                            0.1966235294117647,
                            0.0907090909090909,
                            0.1966235294117647,
                            0.10069090909090908,
                            0.16348235294117647,
                            0.10112727272727273
                        ]
                    ]
                },
                {
                    "page": 1,
                    "text": "Alburquerque,",
                    "boundingBoxes": [
                        [
                            0.0859529411764706,
                            0.10200000000000001,
                            0.17528235294117647,
                            0.10286363636363637,
                            0.17528235294117647,
                            0.11328181818181818,
                            0.08651764705882353,
                            0.1124090909090909
                        ]
                    ]
                },
                {
                    "page": 1,
                    "text": "NM",
                    "boundingBoxes": [
                        [
                            0.17809411764705882,
                            0.10286363636363637,
                            0.1966235294117647,
                            0.10242727272727273,
                            0.1966235294117647,
                            0.11328181818181818,
                            0.17809411764705882,
                            0.11328181818181818
                        ]
                    ]
                },
                {
                    "page": 1,
                    "text": "87102",
                    "boundingBoxes": [
                        [
                            0.20224705882352942,
                            0.10242727272727273,
                            0.24101176470588234,
                            0.10200000000000001,
                            0.24044705882352943,
                            0.11198181818181818,
                            0.20224705882352942,
                            0.11284545454545455
                        ]
                    ]
                }
            ]
        },
        {
            "label": "PayerTIN",
            "key": null,
            "value": [
                {
                    "page": 1,
                    "text": "12-1231234",
                    "boundingBoxes": [
                        [
                            0.1477529411764706,
                            0.1992181818181818,
                            0.2157294117647059,
                            0.19878181818181817,
                            0.2157294117647059,
                            0.20833636363636365,
                            0.14831764705882353,
                            0.20876363636363637
                        ]
                    ]
                }
            ]
        },
        {
            "label": "RecipientTIN",
            "key": null,
            "value": [
                {
                    "page": 1,
                    "text": "121-2312-45",
                    "boundingBoxes": [
                        [
                            0.34607058823529413,
                            0.19878181818181817,
                            0.41910588235294116,
                            0.19878181818181817,
                            0.4185411764705882,
                            0.20833636363636365,
                            0.34607058823529413,
                            0.20833636363636365
                        ]
                    ]
                }
            ]
        },
        {
            "label": "RecipientName",
            "key": null,
            "value": [
                {
                    "page": 1,
                    "text": "Darren",
                    "boundingBoxes": [
                        [
                            0.0859529411764706,
                            0.25173636363636365,
                            0.1264,
                            0.25173636363636365,
                            0.1264,
                            0.26128181818181817,
                            0.0859529411764706,
                            0.26128181818181817
                        ]
                    ]
                },
                {
                    "page": 1,
                    "text": "Mok",
                    "boundingBoxes": [
                        [
                            0.1297764705882353,
                            0.25173636363636365,
                            0.15787058823529412,
                            0.25173636363636365,
                            0.15787058823529412,
                            0.26128181818181817,
                            0.1297764705882353,
                            0.26128181818181817
                        ]
                    ]
                }
            ]
        },
        {
            "label": "RecipientAddress",
            "key": null,
            "value": [
                {
                    "page": 1,
                    "text": "4545",
                    "boundingBoxes": [
                        [
                            0.08708235294117647,
                            0.2973090909090909,
                            0.11461176470588234,
                            0.2973090909090909,
                            0.11516470588235295,
                            0.30685454545454544,
                            0.08708235294117647,
                            0.30685454545454544
                        ]
                    ]
                },
                {
                    "page": 1,
                    "text": "Old",
                    "boundingBoxes": [
                        [
                            0.11741176470588235,
                            0.2973090909090909,
                            0.13988235294117649,
                            0.2973090909090909,
                            0.13988235294117649,
                            0.30685454545454544,
                            0.11797647058823528,
                            0.30685454545454544
                        ]
                    ]
                },
                {
                    "page": 1,
                    "text": "Club",
                    "boundingBoxes": [
                        [
                            0.14325882352941177,
                            0.2973090909090909,
                            0.17247058823529413,
                            0.2973090909090909,
                            0.17247058823529413,
                            0.30685454545454544,
                            0.14382352941176468,
                            0.30685454545454544
                        ]
                    ]
                },
                {
                    "page": 1,
                    "text": "Road",
                    "boundingBoxes": [
                        [
                            0.1758470588235294,
                            0.2973090909090909,
                            0.20898823529411764,
                            0.2968727272727273,
                            0.20898823529411764,
                            0.30685454545454544,
                            0.1758470588235294,
                            0.30685454545454544
                        ]
                    ]
                },
                {
                    "page": 1,
                    "text": "SW",
                    "boundingBoxes": [
                        [
                            0.21291764705882354,
                            0.2968727272727273,
                            0.22921176470588234,
                            0.2968727272727273,
                            0.22921176470588234,
                            0.30729090909090906,
                            0.21291764705882354,
                            0.30685454545454544
                        ]
                    ]
                },
                {
                    "page": 1,
                    "text": "Alburquerque,",
                    "boundingBoxes": [
                        [
                            0.08651764705882353,
                            0.3428818181818182,
                            0.17528235294117647,
                            0.3428818181818182,
                            0.17528235294117647,
                            0.3537363636363636,
                            0.08651764705882353,
                            0.3533
                        ]
                    ]
                },
                {
                    "page": 1,
                    "text": "NM,",
                    "boundingBoxes": [
                        [
                            0.17752941176470588,
                            0.3428818181818182,
                            0.2039294117647059,
                            0.3428818181818182,
                            0.2039294117647059,
                            0.3533,
                            0.17752941176470588,
                            0.3537363636363636
                        ]
                    ]
                },
                {
                    "page": 1,
                    "text": "87103",
                    "boundingBoxes": [
                        [
                            0.2061764705882353,
                            0.3428818181818182,
                            0.2438235294117647,
                            0.34244545454545455,
                            0.2438235294117647,
                            0.35242727272727276,
                            0.2061764705882353,
                            0.3533
                        ]
                    ]
                }
            ]
        },
        {
            "label": "AccountNumber",
            "key": null,
            "value": [
                {
                    "page": 1,
                    "text": "17-70009827-11",
                    "boundingBoxes": [
                        [
                            0.16348235294117647,
                            0.3975727272727273,
                            0.25898823529411763,
                            0.3971363636363636,
                            0.25898823529411763,
                            0.4062545454545454,
                            0.16404705882352943,
                            0.4062545454545454
                        ]
                    ]
                }
            ]
        },
        {
            "label": "FATCA",
            "key": null,
            "value": [
                {
                    "page": 1,
                    "text": "selected",
                    "boundingBoxes": [
                        [
                            0.37123529411764705,
                            0.39141818181818183,
                            0.38431764705882354,
                            0.39141818181818183,
                            0.38431764705882354,
                            0.4015181818181818,
                            0.37123529411764705,
                            0.4015181818181818
                        ]
                    ]
                }
            ]
        },
        {
            "label": "Rents",
            "key": null,
            "value": [
                {
                    "page": 1,
                    "text": "16,500",
                    "boundingBoxes": [
                        [
                            0.6033764705882353,
                            0.07942727272727274,
                            0.6410117647058824,
                            0.07855454545454545,
                            0.6410117647058824,
                            0.08854545454545454,
                            0.6033764705882353,
                            0.08897272727272727
                        ]
                    ]
                }
            ]
        },
        {
            "label": "Royalties",
            "key": null,
            "value": [
                {
                    "page": 1,
                    "text": "9,800",
                    "boundingBoxes": [
                        [
                            0.6089882352941176,
                            0.12413636363636363,
                            0.6415764705882353,
                            0.1237,
                            0.6415764705882353,
                            0.13368181818181818,
                            0.6089882352941176,
                            0.13411818181818183
                        ]
                    ]
                }
            ]
        },
        {
            "label": "OtherIncome",
            "key": null,
            "value": [
                {
                    "page": 1,
                    "text": "8,200",
                    "boundingBoxes": [
                        [
                            0.6089882352941176,
                            0.15494545454545453,
                            0.6404470588235295,
                            0.1545181818181818,
                            0.6410117647058824,
                            0.16362727272727273,
                            0.6089882352941176,
                            0.16406363636363636
                        ]
                    ]
                }
            ]
        },
        {
            "label": "FederalIncomeTaxWithheld",
            "key": null,
            "value": [
                {
                    "page": 1,
                    "text": "3,200",
                    "boundingBoxes": [
                        [
                            0.7736,
                            0.1545181818181818,
                            0.8056235294117647,
                            0.15408181818181818,
                            0.8056235294117647,
                            0.16319090909090908,
                            0.7736,
                            0.16362727272727273
                        ]
                    ]
                }
            ]
        },
        {
            "label": "MedicalHealthCarePayments",
            "key": null,
            "value": [
                {
                    "page": 1,
                    "text": "4,500",
                    "boundingBoxes": [
                        [
                            0.7736,
                            0.21528181818181819,
                            0.8061764705882353,
                            0.21528181818181819,
                            0.8061764705882353,
                            0.2243909090909091,
                            0.7736,
                            0.2243909090909091
                        ]
                    ]
                }
            ]
        },
        {
            "label": "DirectSale5000",
            "key": null,
            "value": [
                {
                    "page": 1,
                    "text": "selected",
                    "boundingBoxes": [
                        [
                            0.6182941176470588,
                            0.2601,
                            0.6313764705882353,
                            0.2601,
                            0.6313764705882353,
                            0.2702,
                            0.6182941176470588,
                            0.2702
                        ]
                    ]
                }
            ]
        },
        {
            "label": "CropInsuranceProceeds",
            "key": null,
            "value": [
                {
                    "page": 1,
                    "text": "1,100",
                    "boundingBoxes": [
                        [
                            0.6095529411764705,
                            0.3059909090909091,
                            0.6415764705882353,
                            0.30555454545454547,
                            0.6415764705882353,
                            0.31467272727272727,
                            0.6095529411764705,
                            0.3151
                        ]
                    ]
                }
            ]
        },
        {
            "label": "GrossProceedsAttorney",
            "key": null,
            "value": [
                {
                    "page": 1,
                    "text": "1,000",
                    "boundingBoxes": [
                        [
                            0.7741529411764706,
                            0.3059909090909091,
                            0.8056235294117647,
                            0.30555454545454547,
                            0.8061764705882353,
                            0.3151,
                            0.7741529411764706,
                            0.3155363636363636
                        ]
                    ]
                }
            ]
        },
        {
            "label": "409ADeferrals",
            "key": null,
            "value": [
                {
                    "page": 1,
                    "text": "800",
                    "boundingBoxes": [
                        [
                            0.7848352941176471,
                            0.352,
                            0.8050588235294117,
                            0.35156363636363636,
                            0.8056235294117647,
                            0.36024545454545454,
                            0.7848352941176471,
                            0.36067272727272726
                        ]
                    ]
                }
            ]
        },
        {
            "label": "ExcessGoldenParachutePayments",
            "key": null,
            "value": [
                {
                    "page": 1,
                    "text": "200,000",
                    "boundingBoxes": [
                        [
                            0.5949411764705883,
                            0.3971363636363636,
                            0.6410117647058824,
                            0.3971363636363636,
                            0.6410117647058824,
                            0.40668181818181814,
                            0.5949411764705883,
                            0.40668181818181814
                        ]
                    ]
                }
            ]
        },
        {
            "label": "NonqualifiedDeferredCompensation",
            "key": null,
            "value": [
                {
                    "page": 1,
                    "text": "100",
                    "boundingBoxes": [
                        [
                            0.7859529411764706,
                            0.3971363636363636,
                            0.8056235294117647,
                            0.3971363636363636,
                            0.8056235294117647,
                            0.40581818181818186,
                            0.7859529411764706,
                            0.40581818181818186
                        ]
                    ]
                }
            ]
        },
        {
            "label": "StateTaxWithheld",
            "key": null,
            "value": [
                {
                    "page": 1,
                    "text": "10,000",
                    "boundingBoxes": [
                        [
                            0.6022470588235295,
                            0.42751818181818185,
                            0.6404470588235295,
                            0.4270818181818182,
                            0.6404470588235295,
                            0.43663636363636366,
                            0.6022470588235295,
                            0.43663636363636366
                        ]
                    ]
                }
            ]
        },
        {
            "label": "StateIncome",
            "key": null,
            "value": [
                {
                    "page": 1,
                    "text": "5,000",
                    "boundingBoxes": [
                        [
                            0.9067411764705883,
                            0.4270818181818182,
                            0.938764705882353,
                            0.4270818181818182,
                            0.938764705882353,
                            0.4362,
                            0.9067411764705883,
                            0.4362
                        ]
                    ]
                }
            ]
        }
    ],
    "labelingState": 2
}