{
    "$schema": "https://schema.cognitiveservices.azure.com/formrecognizer/2021-03-01/labels.json",
    "document": "f1099msc_recipient.pdf",
    "labels": [
        {
            "label": "PayerName",
            "key": null,
            "value": [
                {
                    "page": 1,
                    "text": "Test",
                    "boundingBoxes": [
                        [
                            0.08651764705882353,
                            0.07855454545454545,
                            0.11291764705882353,
                            0.0789909090909091,
                            0.11291764705882353,
                            0.08897272727272727,
                            0.08708235294117647,
                            0.08854545454545454
                        ]
                    ]
                },
                {
                    "page": 1,
                    "text": "Company,",
                    "boundingBoxes": [
                        [
                            0.11516470588235295,
                            0.0789909090909091,
                            0.18089411764705884,
                            0.07986363636363636,
                            0.18034117647058823,
                            0.09028181818181819,
                            0.11572941176470589,
                            0.08897272727272727
                        ]
                    ]
                }
            ]
        },
        {
            "label": "PayerAddress",
            "key": null,
            "value": [
                {
                    "page": 1,
                    "text": "1422",
                    "boundingBoxes": [
                        [
                            0.08763529411764706,
                            0.09028181818181819,
                            0.11461176470588234,
                            0.0907090909090909,
                            0.11461176470588234,
                            0.10069090909090908,
                            0.0882,
                            0.10069090909090908
                        ]
                    ]
                },
                {
                    "page": 1,
                    "text": "Pine",
                    "boundingBoxes": [
                        [
                            0.11685882352941176,
                            0.0907090909090909,
                            0.14607058823529412,
                            0.0907090909090909,
                            0.14607058823529412,
                            0.10069090909090908,
                            0.11741176470588235,
                            0.10069090909090908
                        ]
                    ]
                },
                {
                    "page": 1,
                    "text": "Parkway",
                    "boundingBoxes": [
                        [
                            0.14887058823529412,
                            0.0907090909090909,
                            0.20505882352941177,
                            0.09201818181818182,
                            0.20449411764705883,
                            0.10156363636363636,
                            0.14887058823529412,
                            0.10069090909090908
                        ]
                    ]
                },
                {
                    "page": 1,
                    "text": "Sunnyvale,",
                    "boundingBoxes": [
                        [
                            0.08708235294117647,
                            0.10242727272727273,
                            0.15505882352941178,
                            0.10286363636363637,
                            0.15562352941176472,
                            0.11284545454545455,
                            0.08763529411764706,
                            0.11284545454545455
                        ]
                    ]
                },
                {
                    "page": 1,
                    "text": "CA",
                    "boundingBoxes": [
                        [
                            0.15787058823529412,
                            0.10286363636363637,
                            0.17528235294117647,
                            0.10242727272727273,
                            0.1758470588235294,
                            0.11284545454545455,
                            0.1584235294117647,
                            0.11284545454545455
                        ]
                    ]
                },
                {
                    "page": 1,
                    "text": "12345",
                    "boundingBoxes": [
                        [
                            0.1820235294117647,
                            0.10242727272727273,
                            0.21910588235294118,
                            0.10200000000000001,
                            0.21910588235294118,
                            0.11198181818181818,
                            0.1820235294117647,
                            0.11284545454545455
                        ]
                    ]
                }
            ]
        },
        {
            "label": "PayerTIN",
            "key": null,
            "value": [
                {
                    "page": 1,
                    "text": "11-3345534",
                    "boundingBoxes": [
                        [
                            0.1477529411764706,
                            0.19878181818181817,
                            0.2157294117647059,
                            0.19878181818181817,
                            0.2157294117647059,
                            0.2079,
                            0.14831764705882353,
                            0.20833636363636365
                        ]
                    ]
                }
            ]
        },
        {
            "label": "RecipientTIN",
            "key": null,
            "value": [
                {
                    "page": 1,
                    "text": "82-383-2342",
                    "boundingBoxes": [
                        [
                            0.34550588235294116,
                            0.19878181818181817,
                            0.4185411764705882,
                            0.19878181818181817,
                            0.4185411764705882,
                            0.20833636363636365,
                            0.34607058823529413,
                            0.20833636363636365
                        ]
                    ]
                }
            ]
        },
        {
            "label": "RecipientName",
            "key": null,
            "value": [
                {
                    "page": 1,
                    "text": "JK",
                    "boundingBoxes": [
                        [
                            0.08651764705882353,
                            0.2513,
                            0.10112941176470588,
                            0.25173636363636365,
                            0.10056470588235294,
                            0.2617181818181818,
                            0.0859529411764706,
                            0.26128181818181817
                        ]
                    ]
                },
                {
                    "page": 1,
                    "text": "Holdings",
                    "boundingBoxes": [
                        [
                            0.10562352941176471,
                            0.25173636363636365,
                            0.16348235294117647,
                            0.2526,
                            0.16348235294117647,
                            0.2630181818181818,
                            0.10505882352941176,
                            0.2617181818181818
                        ]
                    ]
                }
            ]
        },
        {
            "label": "RecipientAddress",
            "key": null,
            "value": [
                {
                    "page": 1,
                    "text": "130",
                    "boundingBoxes": [
                        [
                            0.08708235294117647,
                            0.29774545454545454,
                            0.10617647058823529,
                            0.29774545454545454,
                            0.10674117647058823,
                            0.30685454545454544,
                            0.08763529411764706,
                            0.30685454545454544
                        ]
                    ]
                },
                {
                    "page": 1,
                    "text": "Westchester",
                    "boundingBoxes": [
                        [
                            0.11067058823529412,
                            0.29774545454545454,
                            0.18988235294117647,
                            0.2973090909090909,
                            0.18932941176470588,
                            0.30729090909090906,
                            0.11067058823529412,
                            0.30685454545454544
                        ]
                    ]
                },
                {
                    "page": 1,
                    "text": "Lane",
                    "boundingBoxes": [
                        [
                            0.19212941176470588,
                            0.29774545454545454,
                            0.22303529411764705,
                            0.29774545454545454,
                            0.22303529411764705,
                            0.30729090909090906,
                            0.1915764705882353,
                            0.30729090909090906
                        ]
                    ]
                },
                {
                    "page": 1,
                    "text": "Sunnyvale,",
                    "boundingBoxes": [
                        [
                            0.08708235294117647,
                            0.3428818181818182,
                            0.15562352941176472,
                            0.3428818181818182,
                            0.15562352941176472,
                            0.3533,
                            0.08763529411764706,
                            0.3533
                        ]
                    ]
                },
                {
                    "page": 1,
                    "text": "CA",
                    "boundingBoxes": [
                        [
                            0.1584235294117647,
                            0.3428818181818182,
                            0.1758470588235294,
                            0.3428818181818182,
                            0.1758470588235294,
                            0.3533,
                            0.1584235294117647,
                            0.3533
                        ]
                    ]
                },
                {
                    "page": 1,
                    "text": "12345",
                    "boundingBoxes": [
                        [
                            0.18258823529411766,
                            0.3428818181818182,
                            0.21854117647058824,
                            0.34244545454545455,
                            0.21854117647058824,
                            0.3528636363636364,
                            0.1820235294117647,
                            0.3533
                        ]
                    ]
                }
            ]
        },
        {
            "label": "AccountNumber",
            "key": null,
            "value": [
                {
                    "page": 1,
                    "text": "489723-B",
                    "boundingBoxes": [
                        [
                            0.18314117647058822,
                            0.3971363636363636,
                            0.23651764705882355,
                            0.3971363636363636,
                            0.23651764705882355,
                            0.40668181818181814,
                            0.18314117647058822,
                            0.40668181818181814
                        ]
                    ]
                }
            ]
        },
        {
            "label": "FATCA",
            "key": null,
            "value": [
                {
                    "page": 1,
                    "text": "unselected",
                    "boundingBoxes": [
                        [
                            0.37123529411764705,
                            0.39141818181818183,
                            0.38431764705882354,
                            0.39141818181818183,
                            0.38431764705882354,
                            0.4015181818181818,
                            0.37123529411764705,
                            0.4015181818181818
                        ]
                    ]
                }
            ]
        },
        {
            "label": "DirectSale5000",
            "key": null,
            "value": [
                {
                    "page": 1,
                    "text": "selected",
                    "boundingBoxes": [
                        [
                            0.6182941176470588,
                            0.2601,
                            0.6313764705882353,
                            0.2601,
                            0.6313764705882353,
                            0.2702,
                            0.6182941176470588,
                            0.2702
                        ]
                    ]
                }
            ]
        },
        {
            "label": "409ADeferrals",
            "key": null,
            "value": [
                {
                    "page": 1,
                    "text": "1,000",
                    "boundingBoxes": [
                        [
                            0.7741529411764706,
                            0.35156363636363636,
                            0.8061764705882353,
                            0.35156363636363636,
                            0.8061764705882353,
                            0.3611090909090909,
                            0.7741529411764706,
                            0.3611090909090909
                        ]
                    ]
                }
            ]
        },
        {
            "label": "ExcessGoldenParachutePayments",
            "key": null,
            "value": [
                {
                    "page": 1,
                    "text": "300,000",
                    "boundingBoxes": [
                        [
                            0.5949411764705883,
                            0.3971363636363636,
                            0.6410117647058824,
                            0.3971363636363636,
                            0.6410117647058824,
                            0.40668181818181814,
                            0.5949411764705883,
                            0.40668181818181814
                        ]
                    ]
                }
            ]
        },
        {
            "label": "StateTaxWithheld",
            "key": null,
            "value": [
                {
                    "page": 1,
                    "text": "200",
                    "boundingBoxes": [
                        [
                            0.6202235294117646,
                            0.42751818181818185,
                            0.6398823529411765,
                            0.42751818181818185,
                            0.6398823529411765,
                            0.43576363636363635,
                            0.6202235294117646,
                            0.43576363636363635
                        ]
                    ]
                }
            ]
        },
        {
            "label": "StateNo",
            "key": null,
            "value": [
                {
                    "page": 1,
                    "text": "CA",
                    "boundingBoxes": [
                        [
                            0.7196588235294117,
                            0.4270818181818182,
                            0.734835294117647,
                            0.4270818181818182,
                            0.734835294117647,
                            0.4362,
                            0.7196588235294117,
                            0.4362
                        ]
                    ]
                }
            ]
        },
        {
            "label": "StateIncome",
            "key": null,
            "value": [
                {
                    "page": 1,
                    "text": "1,000",
                    "boundingBoxes": [
                        [
                            0.9067411764705883,
                            0.42751818181818185,
                            0.9382,
                            0.4270818181818182,
                            0.938764705882353,
                            0.43576363636363635,
                            0.9067411764705883,
                            0.4362
                        ]
                    ]
                }
            ]
        }
    ],
    "labelingState": 2
}