{
    "$schema": "https://schema.cognitiveservices.azure.com/formrecognizer/2021-03-01/labels.json",
    "document": "f1099_scanned.jpg",
    "labels": [
        {
            "label": "ExcessGoldenParachutePayments",
            "key": null,
            "value": [
                {
                    "page": 1,
                    "text": "$",
                    "boundingBoxes": [
                        [
                            0.4812775330396476,
                            0.39793388429752063,
                            0.4922907488986784,
                            0.3975206611570248,
                            0.49284140969163,
                            0.4103305785123967,
                            0.4818281938325991,
                            0.41074380165289254
                        ]
                    ]
                },
                {
                    "page": 1,
                    "text": "2.400",
                    "boundingBoxes": [
                        [
                            0.4988986784140969,
                            0.3971074380165289,
                            0.558920704845815,
                            0.39669421487603307,
                            0.5583700440528634,
                            0.40950413223140497,
                            0.4994493392070485,
                            0.4103305785123967
                        ]
                    ]
                }
            ]
        },
        {
            "label": "DirectSale5000",
            "key": null,
            "value": [
                {
                    "page": 1,
                    "text": "selected",
                    "boundingBoxes": [
                        [
                            0.6112334801762115,
                            0.2644628099173554,
                            0.6277533039647577,
                            0.2644628099173554,
                            0.6277533039647577,
                            0.2768595041322314,
                            0.6112334801762115,
                            0.2768595041322314
                        ]
                    ]
                }
            ]
        },
        {
            "label": "StateTaxWithheld",
            "key": null,
            "value": [
                {
                    "page": 1,
                    "text": "$",
                    "boundingBoxes": [
                        [
                            0.4834801762114537,
                            0.4268595041322314,
                            0.4966960352422907,
                            0.4268595041322314,
                            0.4955947136563877,
                            0.4425619834710744,
                            0.48237885462555063,
                            0.44297520661157025
                        ]
                    ]
                },
                {
                    "page": 1,
                    "text": "2,189",
                    "boundingBoxes": [
                        [
                            0.5027533039647577,
                            0.4268595041322314,
                            0.5556167400881057,
                            0.4256198347107438,
                            0.5556167400881057,
                            0.4417355371900826,
                            0.5016519823788547,
                            0.4425619834710744
                        ]
                    ]
                }
            ]
        },
        {
            "label": "StateIncome",
            "key": null,
            "value": [
                {
                    "page": 1,
                    "text": "$",
                    "boundingBoxes": [
                        [
                            0.8122246696035242,
                            0.43099173553719006,
                            0.8254405286343612,
                            0.43099173553719006,
                            0.8254405286343612,
                            0.44669421487603306,
                            0.8116740088105727,
                            0.44669421487603306
                        ]
                    ]
                },
                {
                    "page": 1,
                    "text": "1.800",
                    "boundingBoxes": [
                        [
                            0.836453744493392,
                            0.43099173553719006,
                            0.8854625550660793,
                            0.43016528925619835,
                            0.8854625550660793,
                            0.44586776859504135,
                            0.836453744493392,
                            0.4462809917355372
                        ]
                    ]
                }
            ]
        },
        {
            "label": "RecipientAddress",
            "key": null,
            "value": [
                {
                    "page": 1,
                    "text": "144",
                    "boundingBoxes": [
                        [
                            0.11508810572687225,
                            0.29545454545454547,
                            0.14922907488986784,
                            0.2958677685950413,
                            0.14922907488986784,
                            0.3119834710743802,
                            0.11508810572687225,
                            0.3119834710743802
                        ]
                    ]
                },
                {
                    "page": 1,
                    "text": "ARASTRADERO",
                    "boundingBoxes": [
                        [
                            0.17345814977973567,
                            0.2962809917355372,
                            0.29790748898678415,
                            0.29793388429752066,
                            0.29790748898678415,
                            0.3128099173553719,
                            0.17345814977973567,
                            0.31239669421487604
                        ]
                    ]
                },
                {
                    "page": 1,
                    "text": "RD",
                    "boundingBoxes": [
                        [
                            0.30671806167400884,
                            0.2983471074380165,
                            0.33370044052863435,
                            0.2987603305785124,
                            0.33370044052863435,
                            0.31322314049586775,
                            0.30671806167400884,
                            0.3128099173553719
                        ]
                    ]
                },
                {
                    "page": 1,
                    "text": "SUNNYVALE",
                    "boundingBoxes": [
                        [
                            0.11288546255506608,
                            0.3433884297520661,
                            0.21916299559471367,
                            0.3413223140495868,
                            0.21916299559471367,
                            0.35702479338842974,
                            0.11288546255506608,
                            0.35619834710743803
                        ]
                    ]
                },
                {
                    "page": 1,
                    "text": ",",
                    "boundingBoxes": [
                        [
                            0.2263215859030837,
                            0.3413223140495868,
                            0.23403083700440527,
                            0.3413223140495868,
                            0.23403083700440527,
                            0.35702479338842974,
                            0.2263215859030837,
                            0.35702479338842974
                        ]
                    ]
                },
                {
                    "page": 1,
                    "text": "CA,",
                    "boundingBoxes": [
                        [
                            0.23733480176211455,
                            0.3413223140495868,
                            0.2714757709251101,
                            0.3413223140495868,
                            0.2714757709251101,
                            0.3578512396694215,
                            0.23733480176211455,
                            0.35702479338842974
                        ]
                    ]
                },
                {
                    "page": 1,
                    "text": "98004",
                    "boundingBoxes": [
                        [
                            0.2747797356828194,
                            0.3413223140495868,
                            0.3342511013215859,
                            0.34256198347107436,
                            0.3342511013215859,
                            0.3586776859504132,
                            0.2747797356828194,
                            0.3578512396694215
                        ]
                    ]
                }
            ]
        },
        {
            "label": "RecipientName",
            "key": null,
            "value": [
                {
                    "page": 1,
                    "text": "JOHN",
                    "boundingBoxes": [
                        [
                            0.12169603524229075,
                            0.2508264462809917,
                            0.16795154185022027,
                            0.25041322314049586,
                            0.16795154185022027,
                            0.2644628099173554,
                            0.12169603524229075,
                            0.2644628099173554
                        ]
                    ]
                },
                {
                    "page": 1,
                    "text": "PARK",
                    "boundingBoxes": [
                        [
                            0.1894273127753304,
                            0.25041322314049586,
                            0.23623348017621146,
                            0.25041322314049586,
                            0.23623348017621146,
                            0.2644628099173554,
                            0.1894273127753304,
                            0.2644628099173554
                        ]
                    ]
                }
            ]
        },
        {
            "label": "PayerAddress",
            "key": null,
            "value": [
                {
                    "page": 1,
                    "text": "MYRTLE",
                    "boundingBoxes": [
                        [
                            0.098568281938326,
                            0.10578512396694215,
                            0.15969162995594713,
                            0.10454545454545454,
                            0.15969162995594713,
                            0.11900826446280992,
                            0.09911894273127753,
                            0.11983471074380166
                        ]
                    ]
                },
                {
                    "page": 1,
                    "text": "COMPANY",
                    "boundingBoxes": [
                        [
                            0.17015418502202642,
                            0.10413223140495868,
                            0.2566079295154185,
                            0.10206611570247934,
                            0.2566079295154185,
                            0.11900826446280992,
                            0.17070484581497797,
                            0.11900826446280992
                        ]
                    ]
                },
                {
                    "page": 1,
                    "text": "1414",
                    "boundingBoxes": [
                        [
                            0.09911894273127753,
                            0.1231404958677686,
                            0.13711453744493393,
                            0.1231404958677686,
                            0.13766519823788545,
                            0.1371900826446281,
                            0.098568281938326,
                            0.13760330578512397
                        ]
                    ]
                },
                {
                    "page": 1,
                    "text": "CENTRE",
                    "boundingBoxes": [
                        [
                            0.14647577092511013,
                            0.1231404958677686,
                            0.21035242290748898,
                            0.12190082644628099,
                            0.21145374449339208,
                            0.13553719008264462,
                            0.14647577092511013,
                            0.1371900826446281
                        ]
                    ]
                },
                {
                    "page": 1,
                    "text": "AVE",
                    "boundingBoxes": [
                        [
                            0.21585903083700442,
                            0.12190082644628099,
                            0.2505506607929515,
                            0.1206611570247934,
                            0.2516519823788546,
                            0.1347107438016529,
                            0.21640969162995594,
                            0.13553719008264462
                        ]
                    ]
                },
                {
                    "page": 1,
                    "text": "PITTSBURGH,",
                    "boundingBoxes": [
                        [
                            0.0974669603524229,
                            0.14297520661157026,
                            0.21145374449339208,
                            0.1396694214876033,
                            0.21200440528634362,
                            0.15454545454545454,
                            0.0974669603524229,
                            0.15495867768595042
                        ]
                    ]
                },
                {
                    "page": 1,
                    "text": "PA,",
                    "boundingBoxes": [
                        [
                            0.21475770925110133,
                            0.1396694214876033,
                            0.2444933920704846,
                            0.13884297520661157,
                            0.2450440528634361,
                            0.1537190082644628,
                            0.21475770925110133,
                            0.15454545454545454
                        ]
                    ]
                },
                {
                    "page": 1,
                    "text": "15213",
                    "boundingBoxes": [
                        [
                            0.24779735682819384,
                            0.1384297520661157,
                            0.29129955947136565,
                            0.1371900826446281,
                            0.2918502202643172,
                            0.15206611570247933,
                            0.24834801762114536,
                            0.1537190082644628
                        ]
                    ]
                }
            ]
        },
        {
            "label": "MedicalHealthCarePayments",
            "key": null,
            "value": [
                {
                    "page": 1,
                    "text": "$",
                    "boundingBoxes": [
                        [
                            0.6486784140969163,
                            0.2152892561983471,
                            0.6618942731277533,
                            0.21487603305785125,
                            0.6624449339207048,
                            0.23099173553719007,
                            0.6486784140969163,
                            0.23140495867768596
                        ]
                    ]
                },
                {
                    "page": 1,
                    "text": "6,230",
                    "boundingBoxes": [
                        [
                            0.6696035242290749,
                            0.21487603305785125,
                            0.7241189427312775,
                            0.21363636363636362,
                            0.724669603524229,
                            0.22975206611570248,
                            0.6696035242290749,
                            0.23099173553719007
                        ]
                    ]
                }
            ]
        },
        {
            "label": "RecipientTIN",
            "key": null,
            "value": [
                {
                    "page": 1,
                    "text": "12-",
                    "boundingBoxes": [
                        [
                            0.29515418502202645,
                            0.19834710743801653,
                            0.32433920704845814,
                            0.1987603305785124,
                            0.3237885462555066,
                            0.21487603305785125,
                            0.2946035242290749,
                            0.21446280991735536
                        ]
                    ]
                },
                {
                    "page": 1,
                    "text": "345-",
                    "boundingBoxes": [
                        [
                            0.32874449339207046,
                            0.1987603305785124,
                            0.3667400881057269,
                            0.1987603305785124,
                            0.3661894273127753,
                            0.2152892561983471,
                            0.32819383259911894,
                            0.21487603305785125
                        ]
                    ]
                },
                {
                    "page": 1,
                    "text": "6789",
                    "boundingBoxes": [
                        [
                            0.3705947136563877,
                            0.1987603305785124,
                            0.4168502202643172,
                            0.1987603305785124,
                            0.4168502202643172,
                            0.2152892561983471,
                            0.3705947136563877,
                            0.2152892561983471
                        ]
                    ]
                }
            ]
        },
        {
            "label": "Royalties",
            "key": null,
            "value": [
                {
                    "page": 1,
                    "text": "$",
                    "boundingBoxes": [
                        [
                            0.4834801762114537,
                            0.12603305785123967,
                            0.4950440528634361,
                            0.12603305785123967,
                            0.4944933920704846,
                            0.1396694214876033,
                            0.4834801762114537,
                            0.1396694214876033
                        ]
                    ]
                },
                {
                    "page": 1,
                    "text": "10.000",
                    "boundingBoxes": [
                        [
                            0.5104625550660793,
                            0.1256198347107438,
                            0.5776431718061674,
                            0.12520661157024793,
                            0.5781938325991189,
                            0.13925619834710745,
                            0.5104625550660793,
                            0.1396694214876033
                        ]
                    ]
                }
            ]
        },
        {
            "label": "NonqualifiedDeferredCompensation",
            "key": null,
            "value": [
                {
                    "page": 1,
                    "text": "$",
                    "boundingBoxes": [
                        [
                            0.6448237885462555,
                            0.39917355371900826,
                            0.6574889867841409,
                            0.39917355371900826,
                            0.6580396475770925,
                            0.4132231404958678,
                            0.6453744493392071,
                            0.4132231404958678
                        ]
                    ]
                },
                {
                    "page": 1,
                    "text": "1.000",
                    "boundingBoxes": [
                        [
                            0.6651982378854625,
                            0.3995867768595041,
                            0.7180616740088106,
                            0.39917355371900826,
                            0.7180616740088106,
                            0.412396694214876,
                            0.6657488986784141,
                            0.4132231404958678
                        ]
                    ]
                }
            ]
        },
        {
            "label": "GrossProceedsAttorney",
            "key": null,
            "value": [
                {
                    "page": 1,
                    "text": "$",
                    "boundingBoxes": [
                        [
                            0.6459251101321586,
                            0.30950413223140494,
                            0.6585903083700441,
                            0.3086776859504132,
                            0.6585903083700441,
                            0.32272727272727275,
                            0.6459251101321586,
                            0.3231404958677686
                        ]
                    ]
                },
                {
                    "page": 1,
                    "text": "6.830",
                    "boundingBoxes": [
                        [
                            0.6718061674008811,
                            0.3082644628099174,
                            0.7252202643171806,
                            0.3066115702479339,
                            0.7257709251101322,
                            0.31983471074380165,
                            0.6723568281938326,
                            0.32231404958677684
                        ]
                    ]
                }
            ]
        },
        {
            "label": "StateNo",
            "key": null,
            "value": [
                {
                    "page": 1,
                    "text": "PA",
                    "boundingBoxes": [
                        [
                            0.7031938325991189,
                            0.43016528925619835,
                            0.7230176211453745,
                            0.43016528925619835,
                            0.7230176211453745,
                            0.4433884297520661,
                            0.7026431718061674,
                            0.44297520661157025
                        ]
                    ]
                }
            ]
        },
        {
            "label": "Rents",
            "key": null,
            "value": [
                {
                    "page": 1,
                    "text": "$",
                    "boundingBoxes": [
                        [
                            0.4834801762114537,
                            0.08140495867768595,
                            0.4944933920704846,
                            0.08099173553719008,
                            0.493942731277533,
                            0.09504132231404959,
                            0.4829295154185022,
                            0.09462809917355372
                        ]
                    ]
                },
                {
                    "page": 1,
                    "text": "48,000",
                    "boundingBoxes": [
                        [
                            0.5165198237885462,
                            0.08057851239669421,
                            0.5837004405286343,
                            0.08099173553719008,
                            0.5831497797356828,
                            0.09710743801652892,
                            0.5154185022026432,
                            0.09586776859504133
                        ]
                    ]
                }
            ]
        },
        {
            "label": "409ADeferrals",
            "key": null,
            "value": [
                {
                    "page": 1,
                    "text": "$",
                    "boundingBoxes": [
                        [
                            0.6448237885462555,
                            0.35330578512396693,
                            0.6580396475770925,
                            0.35330578512396693,
                            0.6585903083700441,
                            0.36900826446280993,
                            0.6448237885462555,
                            0.36900826446280993
                        ]
                    ]
                },
                {
                    "page": 1,
                    "text": "150",
                    "boundingBoxes": [
                        [
                            0.6696035242290749,
                            0.35330578512396693,
                            0.7015418502202643,
                            0.35330578512396693,
                            0.7015418502202643,
                            0.3685950413223141,
                            0.6696035242290749,
                            0.36900826446280993
                        ]
                    ]
                }
            ]
        },
        {
            "label": "CropInsuranceProceeds",
            "key": null,
            "value": [
                {
                    "page": 1,
                    "text": "$",
                    "boundingBoxes": [
                        [
                            0.4829295154185022,
                            0.30785123966942146,
                            0.4955947136563877,
                            0.3074380165289256,
                            0.4961453744493392,
                            0.32272727272727275,
                            0.4834801762114537,
                            0.3231404958677686
                        ]
                    ]
                },
                {
                    "page": 1,
                    "text": "1,400",
                    "boundingBoxes": [
                        [
                            0.5055066079295154,
                            0.30702479338842975,
                            0.5627753303964758,
                            0.30619834710743804,
                            0.5622246696035242,
                            0.32066115702479336,
                            0.5055066079295154,
                            0.32231404958677684
                        ]
                    ]
                }
            ]
        },
        {
            "label": "PayerTIN",
            "key": null,
            "value": [
                {
                    "page": 1,
                    "text": "12-35",
                    "boundingBoxes": [
                        [
                            0.1305066079295154,
                            0.19834710743801653,
                            0.19438325991189428,
                            0.1975206611570248,
                            0.19438325991189428,
                            0.21322314049586777,
                            0.13105726872246695,
                            0.2128099173553719
                        ]
                    ]
                },
                {
                    "page": 1,
                    "text": "4543",
                    "boundingBoxes": [
                        [
                            0.19823788546255505,
                            0.1975206611570248,
                            0.24834801762114536,
                            0.1971074380165289,
                            0.24834801762114536,
                            0.21322314049586777,
                            0.19823788546255505,
                            0.21322314049586777
                        ]
                    ]
                }
            ]
        },
        {
            "label": "FATCA",
            "key": null,
            "value": [
                {
                    "page": 1,
                    "text": "selected",
                    "boundingBoxes": [
                        [
                            0.3661894273127753,
                            0.39297520661157026,
                            0.3827092511013216,
                            0.39297520661157026,
                            0.3827092511013216,
                            0.4053719008264463,
                            0.3661894273127753,
                            0.4053719008264463
                        ]
                    ]
                }
            ]
        },
        {
            "label": "AccountNumber",
            "key": null,
            "value": [
                {
                    "page": 1,
                    "text": "519",
                    "boundingBoxes": [
                        [
                            0.1459251101321586,
                            0.3921487603305785,
                            0.17951541850220265,
                            0.3925619834710744,
                            0.17951541850220265,
                            0.40826446280991735,
                            0.1459251101321586,
                            0.40826446280991735
                        ]
                    ]
                },
                {
                    "page": 1,
                    "text": "45",
                    "boundingBoxes": [
                        [
                            0.183920704845815,
                            0.3925619834710744,
                            0.2064977973568282,
                            0.3925619834710744,
                            0.2064977973568282,
                            0.4086776859504132,
                            0.183920704845815,
                            0.40826446280991735
                        ]
                    ]
                },
                {
                    "page": 1,
                    "text": "-",
                    "boundingBoxes": [
                        [
                            0.21090308370044053,
                            0.39297520661157026,
                            0.22466960352422907,
                            0.39297520661157026,
                            0.22466960352422907,
                            0.4086776859504132,
                            0.21090308370044053,
                            0.4086776859504132
                        ]
                    ]
                },
                {
                    "page": 1,
                    "text": "A",
                    "boundingBoxes": [
                        [
                            0.23182819383259912,
                            0.39297520661157026,
                            0.2444933920704846,
                            0.3933884297520661,
                            0.2444933920704846,
                            0.40950413223140497,
                            0.23182819383259912,
                            0.4090909090909091
                        ]
                    ]
                }
            ]
        },
        {
            "label": "OtherIncome",
            "key": null,
            "value": [
                {
                    "page": 1,
                    "text": "$",
                    "boundingBoxes": [
                        [
                            0.4840308370044053,
                            0.15661157024793387,
                            0.4950440528634361,
                            0.15661157024793387,
                            0.4944933920704846,
                            0.16983471074380166,
                            0.4834801762114537,
                            0.16983471074380166
                        ]
                    ]
                },
                {
                    "page": 1,
                    "text": "5.000",
                    "boundingBoxes": [
                        [
                            0.5104625550660793,
                            0.15619834710743802,
                            0.5622246696035242,
                            0.15619834710743802,
                            0.5616740088105727,
                            0.16942148760330578,
                            0.5104625550660793,
                            0.16942148760330578
                        ]
                    ]
                }
            ]
        },
        {
            "label": "FederalIncomeTaxWithheld",
            "key": null,
            "value": [
                {
                    "page": 1,
                    "text": "$",
                    "boundingBoxes": [
                        [
                            0.6475770925110133,
                            0.15661157024793387,
                            0.6596916299559471,
                            0.15661157024793387,
                            0.6591409691629956,
                            0.17107438016528925,
                            0.6475770925110133,
                            0.17107438016528925
                        ]
                    ]
                },
                {
                    "page": 1,
                    "text": "1.850",
                    "boundingBoxes": [
                        [
                            0.6734581497797357,
                            0.15619834710743802,
                            0.7230176211453745,
                            0.15661157024793387,
                            0.7224669603524229,
                            0.17107438016528925,
                            0.6729074889867841,
                            0.1706611570247934
                        ]
                    ]
                }
            ]
        },
        {
            "label": "FishingBoatProceeds",
            "key": null,
            "value": [
                {
                    "page": 1,
                    "text": "$",
                    "boundingBoxes": [
                        [
                            0.4812775330396476,
                            0.21611570247933884,
                            0.4961453744493392,
                            0.21611570247933884,
                            0.4961453744493392,
                            0.2322314049586777,
                            0.4812775330396476,
                            0.2322314049586777
                        ]
                    ]
                },
                {
                    "page": 1,
                    "text": "4,500",
                    "boundingBoxes": [
                        [
                            0.5126651982378855,
                            0.21611570247933884,
                            0.5699339207048458,
                            0.21570247933884298,
                            0.5704845814977973,
                            0.23140495867768596,
                            0.513215859030837,
                            0.2318181818181818
                        ]
                    ]
                }
            ]
        },
        {
            "label": "SubstitutePayments",
            "key": null,
            "value": [
                {
                    "page": 1,
                    "text": "$",
                    "boundingBoxes": [
                        [
                            0.6448237885462555,
                            0.2628099173553719,
                            0.6574889867841409,
                            0.2628099173553719,
                            0.6580396475770925,
                            0.2772727272727273,
                            0.6459251101321586,
                            0.2772727272727273
                        ]
                    ]
                },
                {
                    "page": 1,
                    "text": "390,50",
                    "boundingBoxes": [
                        [
                            0.6657488986784141,
                            0.26239669421487605,
                            0.7345814977973568,
                            0.26239669421487605,
                            0.7340308370044053,
                            0.2764462809917355,
                            0.6657488986784141,
                            0.2772727272727273
                        ]
                    ]
                }
            ]
        },
        {
            "label": "FishResale",
            "key": null,
            "value": [
                {
                    "page": 1,
                    "text": "$",
                    "boundingBoxes": [
                        [
                            0.48237885462555063,
                            0.3524793388429752,
                            0.4933920704845815,
                            0.35206611570247937,
                            0.493942731277533,
                            0.36611570247933883,
                            0.48237885462555063,
                            0.3665289256198347
                        ]
                    ]
                },
                {
                    "page": 1,
                    "text": "2,100",
                    "boundingBoxes": [
                        [
                            0.5110132158590308,
                            0.35082644628099174,
                            0.5633259911894273,
                            0.35082644628099174,
                            0.5633259911894273,
                            0.365702479338843,
                            0.5110132158590308,
                            0.365702479338843
                        ]
                    ]
                }
            ]
        }
    ],
    "labelingState": 2
}