{
    "document": "Invoice_5.pdf",
    "labels": [
        {
            "label": "Receipt No",
            "key": null,
            "value": [
                {
                    "page": 1,
                    "text": "8765",
                    "boundingBoxes": [
                        [
                            0.8953411764705883,
                            0.11335454545454544,
                            0.9316,
                            0.11335454545454544,
                            0.9316,
                            0.12293636363636364,
                            0.8953411764705883,
                            0.12293636363636364
                        ]
                    ]
                }
            ]
        },
        {
            "label": "Sold To",
            "key": null,
            "value": [
                {
                    "page": 1,
                    "text": "World",
                    "boundingBoxes": [
                        [
                            0.24408235294117647,
                            0.14515454545454545,
                            0.27890588235294117,
                            0.14515454545454545,
                            0.27890588235294117,
                            0.15285454545454547,
                            0.24408235294117647,
                            0.15285454545454547
                        ]
                    ]
                },
                {
                    "page": 1,
                    "text": "Wide",
                    "boundingBoxes": [
                        [
                            0.2838117647058823,
                            0.14501818181818182,
                            0.31478823529411765,
                            0.14501818181818182,
                            0.31478823529411765,
                            0.15285454545454547,
                            0.2838117647058823,
                            0.15285454545454547
                        ]
                    ]
                },
                {
                    "page": 1,
                    "text": "Importers",
                    "boundingBoxes": [
                        [
                            0.32005882352941173,
                            0.14524545454545454,
                            0.3778823529411765,
                            0.14524545454545454,
                            0.3778823529411765,
                            0.15468181818181817,
                            0.32005882352941173,
                            0.15468181818181817
                        ]
                    ]
                }
            ]
        },
        {
            "label": "ID #",
            "key": null,
            "value": [
                {
                    "page": 1,
                    "text": "6543210",
                    "boundingBoxes": [
                        [
                            0.2724235294117647,
                            0.22091818181818182,
                            0.3226823529411765,
                            0.22091818181818182,
                            0.3226823529411765,
                            0.22865454545454547,
                            0.2724235294117647,
                            0.22865454545454547
                        ]
                    ]
                }
            ]
        },
        {
            "label": "Video Delivery?",
            "key": null,
            "value": [
                {
                    "page": 1,
                    "text": "selected",
                    "boundingBoxes": [
                        [
                            0.7711882352941177,
                            0.3401363636363636,
                            0.7936588235294117,
                            0.3401363636363636,
                            0.7936588235294117,
                            0.3573181818181818,
                            0.7711882352941177,
                            0.3573181818181818
                        ]
                    ]
                }
            ]
        },
        {
            "label": "Live Delivery?",
            "key": null,
            "value": [
                {
                    "page": 1,
                    "text": "unselected",
                    "boundingBoxes": [
                        [
                            0.16878823529411766,
                            0.3411636363636364,
                            0.1896235294117647,
                            0.3411636363636364,
                            0.1896235294117647,
                            0.35745454545454547,
                            0.16878823529411766,
                            0.35745454545454547
                        ]
                    ]
                }
            ]
        },
        {
            "label": "Online Delivery?",
            "key": null,
            "value": [
                {
                    "page": 1,
                    "text": "unselected",
                    "boundingBoxes": [
                        [
                            0.46447058823529414,
                            0.3421363636363636,
                            0.4865176470588235,
                            0.3421363636363636,
                            0.4865176470588235,
                            0.35906363636363636,
                            0.46447058823529414,
                            0.35906363636363636
                        ]
                    ]
                }
            ]
        }
    ]
}