{
    "document": "Invoice_2.pdf",
    "labels": [
        {
            "label": "Receipt No",
            "key": null,
            "value": [
                {
                    "page": 1,
                    "text": "3579",
                    "boundingBoxes": [
                        [
                            0.8953294117647058,
                            0.11335454545454544,
                            0.931564705882353,
                            0.11335454545454544,
                            0.931564705882353,
                            0.12293636363636364,
                            0.8953294117647058,
                            0.12293636363636364
                        ]
                    ]
                }
            ]
        },
        {
            "label": "Sold To",
            "key": null,
            "value": [
                {
                    "page": 1,
                    "text": "Bellows",
                    "boundingBoxes": [
                        [
                            0.2448,
                            0.14515454545454545,
                            0.29016470588235294,
                            0.14515454545454545,
                            0.29016470588235294,
                            0.15285454545454547,
                            0.2448,
                            0.15285454545454547
                        ]
                    ]
                },
                {
                    "page": 1,
                    "text": "College",
                    "boundingBoxes": [
                        [
                            0.29494117647058826,
                            0.14515454545454545,
                            0.3438941176470588,
                            0.14515454545454545,
                            0.3438941176470588,
                            0.15482727272727273,
                            0.29494117647058826,
                            0.15482727272727273
                        ]
                    ]
                }
            ]
        },
        {
            "label": "ID #",
            "key": null,
            "value": [
                {
                    "page": 1,
                    "text": "1234567",
                    "boundingBoxes": [
                        [
                            0.2728941176470588,
                            0.22091818181818182,
                            0.32267058823529415,
                            0.22091818181818182,
                            0.32267058823529415,
                            0.22865454545454547,
                            0.2728941176470588,
                            0.22865454545454547
                        ]
                    ]
                }
            ]
        },
        {
            "label": "Live Delivery?",
            "key": null,
            "value": [
                {
                    "page": 1,
                    "text": "unselected",
                    "boundingBoxes": [
                        [
                            0.16876470588235296,
                            0.3412,
                            0.1896235294117647,
                            0.3412,
                            0.1896235294117647,
                            0.3574909090909091,
                            0.16876470588235296,
                            0.3574909090909091
                        ]
                    ]
                }
            ]
        },
        {
            "label": "Online Delivery?",
            "key": null,
            "value": [
                {
                    "page": 1,
                    "text": "selected",
                    "boundingBoxes": [
                        [
                            0.4676470588235294,
                            0.3406636363636364,
                            0.49098823529411767,
                            0.3406636363636364,
                            0.49098823529411767,
                            0.3583545454545454,
                            0.4676470588235294,
                            0.3583545454545454
                        ]
                    ]
                }
            ]
        },
        {
            "label": "Video Delivery?",
            "key": null,
            "value": [
                {
                    "page": 1,
                    "text": "unselected",
                    "boundingBoxes": [
                        [
                            0.7684941176470588,
                            0.3412909090909091,
                            0.7905529411764706,
                            0.3412909090909091,
                            0.7905529411764706,
                            0.3582181818181818,
                            0.7684941176470588,
                            0.3582181818181818
                        ]
                    ]
                }
            ]
        }
    ]
}