{
    "document": "Invoice_3.pdf",
    "labels": [
        {
            "label": "Receipt No",
            "key": null,
            "value": [
                {
                    "page": 1,
                    "text": "8642",
                    "boundingBoxes": [
                        [
                            0.8953411764705883,
                            0.11335454545454544,
                            0.9316941176470589,
                            0.11335454545454544,
                            0.9316941176470589,
                            0.12293636363636364,
                            0.8953411764705883,
                            0.12293636363636364
                        ]
                    ]
                }
            ]
        },
        {
            "label": "Sold To",
            "key": null,
            "value": [
                {
                    "page": 1,
                    "text": "Humongous",
                    "boundingBoxes": [
                        [
                            0.2448,
                            0.14534545454545456,
                            0.3191529411764706,
                            0.14534545454545456,
                            0.3191529411764706,
                            0.15482727272727273,
                            0.2448,
                            0.15482727272727273
                        ]
                    ]
                },
                {
                    "page": 1,
                    "text": "Insurance",
                    "boundingBoxes": [
                        [
                            0.3241294117647059,
                            0.14534545454545456,
                            0.38521176470588236,
                            0.14534545454545456,
                            0.38521176470588236,
                            0.15285454545454547,
                            0.3241294117647059,
                            0.15285454545454547
                        ]
                    ]
                }
            ]
        },
        {
            "label": "ID #",
            "key": null,
            "value": [
                {
                    "page": 1,
                    "text": "4567891",
                    "boundingBoxes": [
                        [
                            0.27205882352941174,
                            0.22091818181818182,
                            0.3205529411764706,
                            0.22091818181818182,
                            0.3205529411764706,
                            0.22865454545454547,
                            0.27205882352941174,
                            0.22865454545454547
                        ]
                    ]
                }
            ]
        },
        {
            "label": "Video Delivery?",
            "key": null,
            "value": [
                {
                    "page": 1,
                    "text": "selected",
                    "boundingBoxes": [
                        [
                            0.7711411764705883,
                            0.34008181818181815,
                            0.7936588235294117,
                            0.34008181818181815,
                            0.7936588235294117,
                            0.3573090909090909,
                            0.7711411764705883,
                            0.3573090909090909
                        ]
                    ]
                }
            ]
        },
        {
            "label": "Online Delivery?",
            "key": null,
            "value": [
                {
                    "page": 1,
                    "text": "unselected",
                    "boundingBoxes": [
                        [
                            0.46444705882352944,
                            0.3421272727272727,
                            0.4865058823529412,
                            0.3421272727272727,
                            0.4865058823529412,
                            0.35906363636363636,
                            0.46444705882352944,
                            0.35906363636363636
                        ]
                    ]
                }
            ]
        },
        {
            "label": "Live Delivery?",
            "key": null,
            "value": [
                {
                    "page": 1,
                    "text": "selected",
                    "boundingBoxes": [
                        [
                            0.1707764705882353,
                            0.3391909090909091,
                            0.19376470588235295,
                            0.3391909090909091,
                            0.19376470588235295,
                            0.35642727272727276,
                            0.1707764705882353,
                            0.35642727272727276
                        ]
                    ]
                }
            ]
        }
    ]
}