{
    "document": "Invoice_4.pdf",
    "labels": [
        {
            "label": "Receipt No",
            "key": null,
            "value": [
                {
                    "page": 1,
                    "text": "1234",
                    "boundingBoxes": [
                        [
                            0.8962235294117646,
                            0.11335454545454544,
                            0.9319058823529411,
                            0.11335454545454544,
                            0.9319058823529411,
                            0.12293636363636364,
                            0.8962235294117646,
                            0.12293636363636364
                        ]
                    ]
                }
            ]
        },
        {
            "label": "Sold To",
            "key": null,
            "value": [
                {
                    "page": 1,
                    "text": "Trey",
                    "boundingBoxes": [
                        [
                            0.24387058823529414,
                            0.14534545454545456,
                            0.26931764705882355,
                            0.14534545454545456,
                            0.26931764705882355,
                            0.15468181818181817,
                            0.24387058823529414,
                            0.15468181818181817
                        ]
                    ]
                },
                {
                    "page": 1,
                    "text": "Research",
                    "boundingBoxes": [
                        [
                            0.2742823529411765,
                            0.14515454545454545,
                            0.33143529411764705,
                            0.14515454545454545,
                            0.33143529411764705,
                            0.15285454545454547,
                            0.2742823529411765,
                            0.15285454545454547
                        ]
                    ]
                }
            ]
        },
        {
            "label": "ID #",
            "key": null,
            "value": [
                {
                    "page": 1,
                    "text": "2468101",
                    "boundingBoxes": [
                        [
                            0.27205882352941174,
                            0.22091818181818182,
                            0.3205529411764706,
                            0.22091818181818182,
                            0.3205529411764706,
                            0.22865454545454547,
                            0.27205882352941174,
                            0.22865454545454547
                        ]
                    ]
                }
            ]
        },
        {
            "label": "Video Delivery?",
            "key": null,
            "value": [
                {
                    "page": 1,
                    "text": "selected",
                    "boundingBoxes": [
                        [
                            0.771164705882353,
                            0.34017272727272724,
                            0.7936235294117647,
                            0.34017272727272724,
                            0.7936235294117647,
                            0.3573545454545454,
                            0.771164705882353,
                            0.3573545454545454
                        ]
                    ]
                }
            ]
        },
        {
            "label": "Online Delivery?",
            "key": null,
            "value": [
                {
                    "page": 1,
                    "text": "unselected",
                    "boundingBoxes": [
                        [
                            0.4644,
                            0.3421272727272727,
                            0.4864588235294118,
                            0.3421272727272727,
                            0.4864588235294118,
                            0.35906363636363636,
                            0.4644,
                            0.35906363636363636
                        ]
                    ]
                }
            ]
        },
        {
            "label": "Live Delivery?",
            "key": null,
            "value": [
                {
                    "page": 1,
                    "text": "selected",
                    "boundingBoxes": [
                        [
                            0.17120000000000002,
                            0.33984545454545456,
                            0.19396470588235296,
                            0.33984545454545456,
                            0.19396470588235296,
                            0.3568454545454545,
                            0.17120000000000002,
                            0.3568454545454545
                        ]
                    ]
                }
            ]
        }
    ]
}