{
    "status": "succeeded",
    "createdDateTime": "2020-08-20T19:55:31Z",
    "lastUpdatedDateTime": "2020-08-20T19:55:36Z",
    "analyzeResult": {
        "version": "2.1.0",
        "readResults": [
            {
                "page": 1,
                "angle": 0,
                "width": 8.5,
                "height": 11,
                "unit": "inch",
                "lines": [
                    {
                        "boundingBox": [
                            0.5826,
                            0.4411,
                            2.3387,
                            0.4411,
                            2.3387,
                            0.7969,
                            0.5826,
                            0.7969
                        ],
                        "text": "Contoso, Ltd.",
                        "words": [
                            {
                                "boundingBox": [
                                    0.5826,
                                    0.4411,
                                    1.744,
                                    0.4411,
                                    1.744,
                                    0.7969,
                                    0.5826,
                                    0.7969
                                ],
                                "text": "Contoso,",
                                "confidence": 1
                            },
                            {
                                "boundingBox": [
                                    1.8448,
                                    0.4446,
                                    2.3387,
                                    0.4446,
                                    2.3387,
                                    0.7631,
                                    1.8448,
                                    0.7631
                                ],
                                "text": "Ltd.",
                                "confidence": 1
                            }
                        ]
                    },
                    {
                        "boundingBox": [
                            5.0446,
                            0.3586,
                            8.0923,
                            0.3586,
                            8.0923,
                            0.7081,
                            5.0446,
                            0.7081
                        ],
                        "text": "Project Statement",
                        "words": [
                            {
                                "boundingBox": [
                                    5.0446,
                                    0.3586,
                                    6.2261,
                                    0.3586,
                                    6.2261,
                                    0.7081,
                                    5.0446,
                                    0.7081
                                ],
                                "text": "Project",
                                "confidence": 1
                            },
                            {
                                "boundingBox": [
                                    6.3361,
                                    0.3637,
                                    8.0923,
                                    0.3637,
                                    8.0923,
                                    0.6395,
                                    6.3361,
                                    0.6395
                                ],
                                "text": "Statement",
                                "confidence": 1
                            }
                        ]
                    },
                    {
                        "boundingBox": [
                            6.9831,
                            1.0614,
                            7.9247,
                            1.0614,
                            7.9247,
                            1.1741,
                            6.9831,
                            1.1741
                        ],
                        "text": "Date: 9/21/2020",
                        "words": [
                            {
                                "boundingBox": [
                                    6.9831,
                                    1.0614,
                                    7.333,
                                    1.0614,
                                    7.333,
                                    1.1651,
                                    6.9831,
                                    1.1651
                                ],
                                "text": "Date:",
                                "confidence": 1
                            },
                            {
                                "boundingBox": [
                                    7.3833,
                                    1.0801,
                                    7.9247,
                                    1.0801,
                                    7.9247,
                                    1.1741,
                                    7.3833,
                                    1.1741
                                ],
                                "text": "9/21/2020",
                                "confidence": 1
                            }
                        ]
                    },
                    {
                        "boundingBox": [
                            6.5942,
                            1.2449,
                            7.9212,
                            1.2449,
                            7.9212,
                            1.3766,
                            6.5942,
                            1.3766
                        ],
                        "text": "Receipt # No.: 1234",
                        "words": [
                            {
                                "boundingBox": [
                                    6.5942,
                                    1.2449,
                                    7.1125,
                                    1.2449,
                                    7.1125,
                                    1.3766,
                                    6.5942,
                                    1.3766
                                ],
                                "text": "Receipt",
                                "confidence": 1
                            },
                            {
                                "boundingBox": [
                                    7.1629,
                                    1.2469,
                                    7.2375,
                                    1.2469,
                                    7.2375,
                                    1.35,
                                    7.1629,
                                    1.35
                                ],
                                "text": "#",
                                "confidence": 1
                            },
                            {
                                "boundingBox": [
                                    7.2987,
                                    1.2493,
                                    7.5547,
                                    1.2493,
                                    7.5547,
                                    1.3518,
                                    7.2987,
                                    1.3518
                                ],
                                "text": "No.:",
                                "confidence": 1
                            },
                            {
                                "boundingBox": [
                                    7.6179,
                                    1.2469,
                                    7.9212,
                                    1.2469,
                                    7.9212,
                                    1.3523,
                                    7.6179,
                                    1.3523
                                ],
                                "text": "1234",
                                "confidence": 1
                            }
                        ]
                    },
                    {
                        "boundingBox": [
                            1.4244,
                            1.5752,
                            1.9062,
                            1.5752,
                            1.9062,
                            1.6807,
                            1.4244,
                            1.6807
                        ],
                        "text": "Sold To",
                        "words": [
                            {
                                "boundingBox": [
                                    1.4244,
                                    1.5752,
                                    1.7065,
                                    1.5752,
                                    1.7065,
                                    1.6807,
                                    1.4244,
                                    1.6807
                                ],
                                "text": "Sold",
                                "confidence": 1
                            },
                            {
                                "boundingBox": [
                                    1.7628,
                                    1.5777,
                                    1.9062,
                                    1.5777,
                                    1.9062,
                                    1.6801,
                                    1.7628,
                                    1.6801
                                ],
                                "text": "To",
                                "confidence": 1
                            }
                        ]
                    },
                    {
                        "boundingBox": [
                            2.0729,
                            1.5967,
                            2.8172,
                            1.5967,
                            2.8172,
                            1.7015,
                            2.0729,
                            1.7015
                        ],
                        "text": "Trey Research",
                        "words": [
                            {
                                "boundingBox": [
                                    2.0729,
                                    1.5988,
                                    2.2892,
                                    1.5988,
                                    2.2892,
                                    1.7015,
                                    2.0729,
                                    1.7015
                                ],
                                "text": "Trey",
                                "confidence": 1
                            },
                            {
                                "boundingBox": [
                                    2.3314,
                                    1.5967,
                                    2.8172,
                                    1.5967,
                                    2.8172,
                                    1.6814,
                                    2.3314,
                                    1.6814
                                ],
                                "text": "Research",
                                "confidence": 1
                            }
                        ]
                    },
                    {
                        "boundingBox": [
                            2.0811,
                            1.9285,
                            3.0073,
                            1.9285,
                            3.0073,
                            2.0152,
                            2.0811,
                            2.0152
                        ],
                        "text": "1818 Ginko Street",
                        "words": [
                            {
                                "boundingBox": [
                                    2.0811,
                                    1.9301,
                                    2.3168,
                                    1.9301,
                                    2.3168,
                                    2.0152,
                                    2.0811,
                                    2.0152
                                ],
                                "text": "1818",
                                "confidence": 1
                            },
                            {
                                "boundingBox": [
                                    2.3592,
                                    1.9285,
                                    2.6701,
                                    1.9285,
                                    2.6701,
                                    2.0152,
                                    2.3592,
                                    2.0152
                                ],
                                "text": "Ginko",
                                "confidence": 1
                            },
                            {
                                "boundingBox": [
                                    2.708,
                                    1.9301,
                                    3.0073,
                                    1.9301,
                                    3.0073,
                                    2.0152,
                                    2.708,
                                    2.0152
                                ],
                                "text": "Street",
                                "confidence": 1
                            }
                        ]
                    },
                    {
                        "boundingBox": [
                            2.0739,
                            2.0967,
                            3.1861,
                            2.0967,
                            3.1861,
                            2.2015,
                            2.0739,
                            2.2015
                        ],
                        "text": "Sycamore, SD, 02142",
                        "words": [
                            {
                                "boundingBox": [
                                    2.0739,
                                    2.0967,
                                    2.6465,
                                    2.0967,
                                    2.6465,
                                    2.2015,
                                    2.0739,
                                    2.2015
                                ],
                                "text": "Sycamore,",
                                "confidence": 1
                            },
                            {
                                "boundingBox": [
                                    2.6847,
                                    2.0967,
                                    2.8449,
                                    2.0967,
                                    2.8449,
                                    2.1932,
                                    2.6847,
                                    2.1932
                                ],
                                "text": "SD,",
                                "confidence": 1
                            },
                            {
                                "boundingBox": [
                                    2.884,
                                    2.0967,
                                    3.1861,
                                    2.0967,
                                    3.1861,
                                    2.1819,
                                    2.884,
                                    2.1819
                                ],
                                "text": "02142",
                                "confidence": 1
                            }
                        ]
                    },
                    {
                        "boundingBox": [
                            2.0797,
                            2.4301,
                            2.7247,
                            2.4301,
                            2.7247,
                            2.5152,
                            2.0797,
                            2.5152
                        ],
                        "text": "ID#: 2468101",
                        "words": [
                            {
                                "boundingBox": [
                                    2.0797,
                                    2.4301,
                                    2.2719,
                                    2.4301,
                                    2.2719,
                                    2.5148,
                                    2.0797,
                                    2.5148
                                ],
                                "text": "ID#:",
                                "confidence": 1
                            },
                            {
                                "boundingBox": [
                                    2.3125,
                                    2.4301,
                                    2.7247,
                                    2.4301,
                                    2.7247,
                                    2.5152,
                                    2.3125,
                                    2.5152
                                ],
                                "text": "2468101",
                                "confidence": 1
                            }
                        ]
                    },
                    {
                        "boundingBox": [
                            0.5113,
                            3.7783,
                            1.366,
                            3.7783,
                            1.366,
                            3.91,
                            0.5113,
                            3.91
                        ],
                        "text": "Live Delivery:",
                        "words": [
                            {
                                "boundingBox": [
                                    0.5113,
                                    3.7783,
                                    0.7568,
                                    3.7783,
                                    0.7568,
                                    3.8851,
                                    0.5113,
                                    3.8851
                                ],
                                "text": "Live",
                                "confidence": 1
                            },
                            {
                                "boundingBox": [
                                    0.811,
                                    3.7783,
                                    1.366,
                                    3.7783,
                                    1.366,
                                    3.91,
                                    0.811,
                                    3.91
                                ],
                                "text": "Delivery:",
                                "confidence": 1
                            }
                        ]
                    },
                    {
                        "boundingBox": [
                            2.0066,
                            3.7783,
                            3.9093,
                            3.7783,
                            3.9093,
                            3.9119,
                            2.0066,
                            3.9119
                        ],
                        "text": "Online Delivery (Livestream):",
                        "words": [
                            {
                                "boundingBox": [
                                    2.0066,
                                    3.7783,
                                    2.4322,
                                    3.7783,
                                    2.4322,
                                    3.8857,
                                    2.0066,
                                    3.8857
                                ],
                                "text": "Online",
                                "confidence": 1
                            },
                            {
                                "boundingBox": [
                                    2.4878,
                                    3.7783,
                                    3.0179,
                                    3.7783,
                                    3.0179,
                                    3.91,
                                    2.4878,
                                    3.91
                                ],
                                "text": "Delivery",
                                "confidence": 1
                            },
                            {
                                "boundingBox": [
                                    3.0653,
                                    3.7783,
                                    3.9093,
                                    3.7783,
                                    3.9093,
                                    3.9119,
                                    3.0653,
                                    3.9119
                                ],
                                "text": "(Livestream):",
                                "confidence": 1
                            }
                        ]
                    },
                    {
                        "boundingBox": [
                            4.5041,
                            3.7783,
                            6.4773,
                            3.7783,
                            6.4773,
                            3.9119,
                            4.5041,
                            3.9119
                        ],
                        "text": "Video Delivery (On Demand):",
                        "words": [
                            {
                                "boundingBox": [
                                    4.5041,
                                    3.7783,
                                    4.8924,
                                    3.7783,
                                    4.8924,
                                    3.8851,
                                    4.5041,
                                    3.8851
                                ],
                                "text": "Video",
                                "confidence": 1
                            },
                            {
                                "boundingBox": [
                                    4.9496,
                                    3.7783,
                                    5.4797,
                                    3.7783,
                                    5.4797,
                                    3.91,
                                    4.9496,
                                    3.91
                                ],
                                "text": "Delivery",
                                "confidence": 1
                            },
                            {
                                "boundingBox": [
                                    5.5243,
                                    3.7783,
                                    5.7623,
                                    3.7783,
                                    5.7623,
                                    3.9119,
                                    5.5243,
                                    3.9119
                                ],
                                "text": "(On",
                                "confidence": 1
                            },
                            {
                                "boundingBox": [
                                    5.8236,
                                    3.7783,
                                    6.4773,
                                    3.7783,
                                    6.4773,
                                    3.9119,
                                    5.8236,
                                    3.9119
                                ],
                                "text": "Demand):",
                                "confidence": 1
                            }
                        ]
                    },
                    {
                        "boundingBox": [
                            0.6949,
                            4.2766,
                            1.5632,
                            4.2766,
                            1.5632,
                            4.4102,
                            0.6949,
                            4.4102
                        ],
                        "text": "Training Date",
                        "words": [
                            {
                                "boundingBox": [
                                    0.6949,
                                    4.2766,
                                    1.2032,
                                    4.2766,
                                    1.2032,
                                    4.4102,
                                    0.6949,
                                    4.4102
                                ],
                                "text": "Training",
                                "confidence": 1
                            },
                            {
                                "boundingBox": [
                                    1.2626,
                                    4.2798,
                                    1.5632,
                                    4.2798,
                                    1.5632,
                                    4.3835,
                                    1.2626,
                                    4.3835
                                ],
                                "text": "Date",
                                "confidence": 1
                            }
                        ]
                    },
                    {
                        "boundingBox": [
                            2.6381,
                            4.2766,
                            3.368,
                            4.2766,
                            3.368,
                            4.4083,
                            2.6381,
                            4.4083
                        ],
                        "text": "Description",
                        "words": [
                            {
                                "boundingBox": [
                                    2.6381,
                                    4.2766,
                                    3.368,
                                    4.2766,
                                    3.368,
                                    4.4083,
                                    2.6381,
                                    4.4083
                                ],
                                "text": "Description",
                                "confidence": 1
                            }
                        ]
                    },
                    {
                        "boundingBox": [
                            4.718,
                            4.2766,
                            5.0339,
                            4.2766,
                            5.0339,
                            4.3835,
                            4.718,
                            4.3835
                        ],
                        "text": "Price",
                        "words": [
                            {
                                "boundingBox": [
                                    4.718,
                                    4.2766,
                                    5.0339,
                                    4.2766,
                                    5.0339,
                                    4.3835,
                                    4.718,
                                    4.3835
                                ],
                                "text": "Price",
                                "confidence": 1
                            }
                        ]
                    },
                    {
                        "boundingBox": [
                            5.8415,
                            4.2766,
                            6.4051,
                            4.2766,
                            6.4051,
                            4.3835,
                            5.8415,
                            4.3835
                        ],
                        "text": "Discount",
                        "words": [
                            {
                                "boundingBox": [
                                    5.8415,
                                    4.2766,
                                    6.4051,
                                    4.2766,
                                    6.4051,
                                    4.3835,
                                    5.8415,
                                    4.3835
                                ],
                                "text": "Discount",
                                "confidence": 1
                            }
                        ]
                    },
                    {
                        "boundingBox": [
                            7.068,
                            4.2766,
                            7.6665,
                            4.2766,
                            7.6665,
                            4.3835,
                            7.068,
                            4.3835
                        ],
                        "text": "Line Total",
                        "words": [
                            {
                                "boundingBox": [
                                    7.068,
                                    4.2766,
                                    7.3176,
                                    4.2766,
                                    7.3176,
                                    4.3835,
                                    7.068,
                                    4.3835
                                ],
                                "text": "Line",
                                "confidence": 1
                            },
                            {
                                "boundingBox": [
                                    7.3633,
                                    4.2785,
                                    7.6665,
                                    4.2785,
                                    7.6665,
                                    4.3835,
                                    7.3633,
                                    4.3835
                                ],
                                "text": "Total",
                                "confidence": 1
                            }
                        ]
                    },
                    {
                        "boundingBox": [
                            0.8668,
                            4.5197,
                            1.3986,
                            4.5197,
                            1.3986,
                            4.6175,
                            0.8668,
                            4.6175
                        ],
                        "text": "8/31/2020",
                        "words": [
                            {
                                "boundingBox": [
                                    0.8668,
                                    4.5197,
                                    1.3986,
                                    4.5197,
                                    1.3986,
                                    4.6175,
                                    0.8668,
                                    4.6175
                                ],
                                "text": "8/31/2020",
                                "confidence": 1
                            }
                        ]
                    },
                    {
                        "boundingBox": [
                            2.5139,
                            4.5185,
                            3.4861,
                            4.5185,
                            3.4861,
                            4.6264,
                            2.5139,
                            4.6264
                        ],
                        "text": "Standards Training",
                        "words": [
                            {
                                "boundingBox": [
                                    2.5139,
                                    4.5201,
                                    3.0425,
                                    4.5201,
                                    3.0425,
                                    4.6052,
                                    2.5139,
                                    4.6052
                                ],
                                "text": "Standards",
                                "confidence": 1
                            },
                            {
                                "boundingBox": [
                                    3.0802,
                                    4.5185,
                                    3.4861,
                                    4.5185,
                                    3.4861,
                                    4.6264,
                                    3.0802,
                                    4.6264
                                ],
                                "text": "Training",
                                "confidence": 1
                            }
                        ]
                    },
                    {
                        "boundingBox": [
                            4.7055,
                            4.5145,
                            5.0407,
                            4.5145,
                            5.0407,
                            4.6195,
                            4.7055,
                            4.6195
                        ],
                        "text": "$3,000",
                        "words": [
                            {
                                "boundingBox": [
                                    4.7055,
                                    4.5145,
                                    5.0407,
                                    4.5145,
                                    5.0407,
                                    4.6195,
                                    4.7055,
                                    4.6195
                                ],
                                "text": "$3,000",
                                "confidence": 1
                            }
                        ]
                    },
                    {
                        "boundingBox": [
                            6.0195,
                            4.5185,
                            6.2283,
                            4.5185,
                            6.2283,
                            4.6087,
                            6.0195,
                            4.6087
                        ],
                        "text": "15%",
                        "words": [
                            {
                                "boundingBox": [
                                    6.0195,
                                    4.5185,
                                    6.2283,
                                    4.5185,
                                    6.2283,
                                    4.6087,
                                    6.0195,
                                    4.6087
                                ],
                                "text": "15%",
                                "confidence": 1
                            }
                        ]
                    },
                    {
                        "boundingBox": [
                            7.1988,
                            4.5145,
                            7.534,
                            4.5145,
                            7.534,
                            4.6195,
                            7.1988,
                            4.6195
                        ],
                        "text": "$2,550",
                        "words": [
                            {
                                "boundingBox": [
                                    7.1988,
                                    4.5145,
                                    7.534,
                                    4.5145,
                                    7.534,
                                    4.6195,
                                    7.1988,
                                    4.6195
                                ],
                                "text": "$2,550",
                                "confidence": 1
                            }
                        ]
                    },
                    {
                        "boundingBox": [
                            5.5928,
                            6.3052,
                            6.1474,
                            6.3052,
                            6.1474,
                            6.4107,
                            5.5928,
                            6.4107
                        ],
                        "text": "Subtotal",
                        "words": [
                            {
                                "boundingBox": [
                                    5.5928,
                                    6.3052,
                                    6.1474,
                                    6.3052,
                                    6.1474,
                                    6.4107,
                                    5.5928,
                                    6.4107
                                ],
                                "text": "Subtotal",
                                "confidence": 1
                            }
                        ]
                    },
                    {
                        "boundingBox": [
                            6.9047,
                            6.2983,
                            7.338,
                            6.2983,
                            7.338,
                            6.4284,
                            6.9047,
                            6.4284
                        ],
                        "text": "$2,550",
                        "words": [
                            {
                                "boundingBox": [
                                    6.9047,
                                    6.2983,
                                    7.338,
                                    6.2983,
                                    7.338,
                                    6.4284,
                                    6.9047,
                                    6.4284
                                ],
                                "text": "$2,550",
                                "confidence": 1
                            }
                        ]
                    },
                    {
                        "boundingBox": [
                            5.5928,
                            6.5735,
                            6.2251,
                            6.5735,
                            6.2251,
                            6.679,
                            5.5928,
                            6.679
                        ],
                        "text": "Sales Tax",
                        "words": [
                            {
                                "boundingBox": [
                                    5.5928,
                                    6.5735,
                                    5.9437,
                                    6.5735,
                                    5.9437,
                                    6.679,
                                    5.5928,
                                    6.679
                                ],
                                "text": "Sales",
                                "confidence": 1
                            },
                            {
                                "boundingBox": [
                                    5.9947,
                                    6.576,
                                    6.2251,
                                    6.576,
                                    6.2251,
                                    6.6785,
                                    5.9947,
                                    6.6785
                                ],
                                "text": "Tax",
                                "confidence": 1
                            }
                        ]
                    },
                    {
                        "boundingBox": [
                            6.9083,
                            6.5716,
                            7.0973,
                            6.5716,
                            7.0973,
                            6.6833,
                            6.9083,
                            6.6833
                        ],
                        "text": "9%",
                        "words": [
                            {
                                "boundingBox": [
                                    6.9083,
                                    6.5716,
                                    7.0973,
                                    6.5716,
                                    7.0973,
                                    6.6833,
                                    6.9083,
                                    6.6833
                                ],
                                "text": "9%",
                                "confidence": 1
                            }
                        ]
                    },
                    {
                        "boundingBox": [
                            5.5915,
                            6.8419,
                            5.9085,
                            6.8419,
                            5.9085,
                            6.9468,
                            5.5915,
                            6.9468
                        ],
                        "text": "Total",
                        "words": [
                            {
                                "boundingBox": [
                                    5.5915,
                                    6.8419,
                                    5.9085,
                                    6.8419,
                                    5.9085,
                                    6.9468,
                                    5.5915,
                                    6.9468
                                ],
                                "text": "Total",
                                "confidence": 1
                            }
                        ]
                    },
                    {
                        "boundingBox": [
                            6.9047,
                            6.835,
                            7.4568,
                            6.835,
                            7.4568,
                            6.965,
                            6.9047,
                            6.965
                        ],
                        "text": "$2,779.5",
                        "words": [
                            {
                                "boundingBox": [
                                    6.9047,
                                    6.835,
                                    7.4568,
                                    6.835,
                                    7.4568,
                                    6.965,
                                    6.9047,
                                    6.965
                                ],
                                "text": "$2,779.5",
                                "confidence": 1
                            }
                        ]
                    },
                    {
                        "boundingBox": [
                            3.3115,
                            7.8366,
                            5.1786,
                            7.8366,
                            5.1786,
                            7.9683,
                            3.3115,
                            7.9683
                        ],
                        "text": "Thank you for your business!",
                        "words": [
                            {
                                "boundingBox": [
                                    3.3115,
                                    7.8385,
                                    3.7081,
                                    7.8385,
                                    3.7081,
                                    7.9435,
                                    3.3115,
                                    7.9435
                                ],
                                "text": "Thank",
                                "confidence": 1
                            },
                            {
                                "boundingBox": [
                                    3.746,
                                    7.8653,
                                    3.9857,
                                    7.8653,
                                    3.9857,
                                    7.9683,
                                    3.746,
                                    7.9683
                                ],
                                "text": "you",
                                "confidence": 1
                            },
                            {
                                "boundingBox": [
                                    4.0368,
                                    7.8366,
                                    4.2062,
                                    7.8366,
                                    4.2062,
                                    7.9435,
                                    4.0368,
                                    7.9435
                                ],
                                "text": "for",
                                "confidence": 1
                            },
                            {
                                "boundingBox": [
                                    4.2486,
                                    7.8653,
                                    4.5432,
                                    7.8653,
                                    4.5432,
                                    7.9683,
                                    4.2486,
                                    7.9683
                                ],
                                "text": "your",
                                "confidence": 1
                            },
                            {
                                "boundingBox": [
                                    4.5909,
                                    7.8366,
                                    5.1786,
                                    7.8366,
                                    5.1786,
                                    7.9435,
                                    4.5909,
                                    7.9435
                                ],
                                "text": "business!",
                                "confidence": 1
                            }
                        ]
                    }
                ],
                "selectionMarks": [
                    {
                        "boundingBox": [
                            6.5549,
                            3.7419,
                            6.7458,
                            3.7419,
                            6.7458,
                            3.9309,
                            6.5549,
                            3.9309
                        ],
                        "confidence": 0.995,
                        "state": "selected"
                    },
                    {
                        "boundingBox": [
                            3.9474,
                            3.7634,
                            4.1349,
                            3.7634,
                            4.1349,
                            3.9497,
                            3.9474,
                            3.9497
                        ],
                        "confidence": 0.994,
                        "state": "unselected"
                    },
                    {
                        "boundingBox": [
                            1.4552,
                            3.7383,
                            1.6487,
                            3.7383,
                            1.6487,
                            3.9253,
                            1.4552,
                            3.9253
                        ],
                        "confidence": 0.988,
                        "state": "selected"
                    },
                    {
                        "boundingBox": [
                            0,
                            9.8576,
                            1.1255,
                            9.8576,
                            1.1255,
                            10.9928,
                            0,
                            10.9928
                        ],
                        "confidence": 0.881,
                        "state": "unselected"
                    },
                    {
                        "boundingBox": [
                            0,
                            10.4678,
                            1.7851,
                            10.4678,
                            1.7851,
                            10.997,
                            0,
                            10.997
                        ],
                        "confidence": 0.774,
                        "state": "unselected"
                    },
                    {
                        "boundingBox": [
                            6.9023,
                            10.6197,
                            8.4814,
                            10.6197,
                            8.4814,
                            10.9993,
                            6.9023,
                            10.9993
                        ],
                        "confidence": 0.6,
                        "state": "unselected"
                    },
                    {
                        "boundingBox": [
                            0.1928,
                            10.7015,
                            1.1339,
                            10.7015,
                            1.1339,
                            10.9984,
                            0.1928,
                            10.9984
                        ],
                        "confidence": 0.6,
                        "state": "unselected"
                    },
                    {
                        "boundingBox": [
                            0,
                            10.7961,
                            0.6832,
                            10.7961,
                            0.6832,
                            11,
                            0,
                            11
                        ],
                        "confidence": 0.553,
                        "state": "unselected"
                    },
                    {
                        "boundingBox": [
                            7.5102,
                            9.9287,
                            8.5,
                            9.9287,
                            8.5,
                            11,
                            7.5102,
                            11
                        ],
                        "confidence": 0.553,
                        "state": "unselected"
                    }
                ]
            }
        ],
        "pageResults": [
            {
                "page": 1,
                "tables": [
                    {
                        "rows": 5,
                        "columns": 5,
                        "cells": [
                            {
                                "rowIndex": 0,
                                "columnIndex": 0,
                                "text": "Training Date",
                                "boundingBox": [
                                    0.5133,
                                    4.2167,
                                    1.7567,
                                    4.2167,
                                    1.7567,
                                    4.4492,
                                    0.5133,
                                    4.4492
                                ],
                                "elements": [
                                    "#/readResults/0/lines/12/words/0",
                                    "#/readResults/0/lines/12/words/1"
                                ]
                            },
                            {
                                "rowIndex": 0,
                                "columnIndex": 1,
                                "text": "Description",
                                "boundingBox": [
                                    1.7567,
                                    4.2167,
                                    4.25,
                                    4.2167,
                                    4.25,
                                    4.4492,
                                    1.7567,
                                    4.4492
                                ],
                                "elements": [
                                    "#/readResults/0/lines/13/words/0"
                                ]
                            },
                            {
                                "rowIndex": 0,
                                "columnIndex": 2,
                                "text": "Price",
                                "boundingBox": [
                                    4.25,
                                    4.2167,
                                    5.4967,
                                    4.2167,
                                    5.4967,
                                    4.4492,
                                    4.25,
                                    4.4492
                                ],
                                "elements": [
                                    "#/readResults/0/lines/14/words/0"
                                ]
                            },
                            {
                                "rowIndex": 0,
                                "columnIndex": 3,
                                "text": "Discount",
                                "boundingBox": [
                                    5.4967,
                                    4.2167,
                                    6.7433,
                                    4.2167,
                                    6.7433,
                                    4.4492,
                                    5.4967,
                                    4.4492
                                ],
                                "elements": [
                                    "#/readResults/0/lines/15/words/0"
                                ]
                            },
                            {
                                "rowIndex": 0,
                                "columnIndex": 4,
                                "text": "Line Total",
                                "boundingBox": [
                                    6.7433,
                                    4.2167,
                                    7.9875,
                                    4.2167,
                                    7.9875,
                                    4.4492,
                                    6.7433,
                                    4.4492
                                ],
                                "elements": [
                                    "#/readResults/0/lines/16/words/0",
                                    "#/readResults/0/lines/16/words/1"
                                ]
                            },
                            {
                                "rowIndex": 1,
                                "columnIndex": 0,
                                "text": "8/31/2020",
                                "boundingBox": [
                                    0.5133,
                                    4.4492,
                                    1.7567,
                                    4.4492,
                                    1.7567,
                                    4.6833,
                                    0.5133,
                                    4.6833
                                ],
                                "elements": [
                                    "#/readResults/0/lines/17/words/0"
                                ]
                            },
                            {
                                "rowIndex": 1,
                                "columnIndex": 1,
                                "text": "Standards Training",
                                "boundingBox": [
                                    1.7567,
                                    4.4492,
                                    4.25,
                                    4.4492,
                                    4.25,
                                    4.6833,
                                    1.7567,
                                    4.6833
                                ],
                                "elements": [
                                    "#/readResults/0/lines/18/words/0",
                                    "#/readResults/0/lines/18/words/1"
                                ]
                            },
                            {
                                "rowIndex": 1,
                                "columnIndex": 2,
                                "text": "$3,000",
                                "boundingBox": [
                                    4.25,
                                    4.4492,
                                    5.4967,
                                    4.4492,
                                    5.4967,
                                    4.6833,
                                    4.25,
                                    4.6833
                                ],
                                "elements": [
                                    "#/readResults/0/lines/19/words/0"
                                ]
                            },
                            {
                                "rowIndex": 1,
                                "columnIndex": 3,
                                "text": "15%",
                                "boundingBox": [
                                    5.4967,
                                    4.4492,
                                    6.7433,
                                    4.4492,
                                    6.7433,
                                    4.6833,
                                    5.4967,
                                    4.6833
                                ],
                                "elements": [
                                    "#/readResults/0/lines/20/words/0"
                                ]
                            },
                            {
                                "rowIndex": 1,
                                "columnIndex": 4,
                                "text": "$2,550",
                                "boundingBox": [
                                    6.7433,
                                    4.4492,
                                    7.9875,
                                    4.4492,
                                    7.9875,
                                    4.6833,
                                    6.7433,
                                    4.6833
                                ],
                                "elements": [
                                    "#/readResults/0/lines/21/words/0"
                                ]
                            }
                        ]
                    },
                    {
                        "rows": 3,
                        "columns": 2,
                        "cells": [
                            {
                                "rowIndex": 0,
                                "columnIndex": 0,
                                "text": "Subtotal",
                                "boundingBox": [
                                    5.52,
                                    6.2433,
                                    6.7525,
                                    6.2433,
                                    6.7525,
                                    6.4942,
                                    5.52,
                                    6.4942
                                ],
                                "elements": [
                                    "#/readResults/0/lines/22/words/0"
                                ]
                            },
                            {
                                "rowIndex": 0,
                                "columnIndex": 1,
                                "text": "$2,550",
                                "boundingBox": [
                                    6.7525,
                                    6.2433,
                                    7.9875,
                                    6.2433,
                                    7.9875,
                                    6.4942,
                                    6.7525,
                                    6.4942
                                ],
                                "elements": [
                                    "#/readResults/0/lines/23/words/0"
                                ]
                            },
                            {
                                "rowIndex": 1,
                                "columnIndex": 0,
                                "text": "Sales Tax",
                                "boundingBox": [
                                    5.52,
                                    6.4942,
                                    6.7525,
                                    6.4942,
                                    6.7525,
                                    6.7608,
                                    5.52,
                                    6.7608
                                ],
                                "elements": [
                                    "#/readResults/0/lines/24/words/0",
                                    "#/readResults/0/lines/24/words/1"
                                ]
                            },
                            {
                                "rowIndex": 1,
                                "columnIndex": 1,
                                "text": "9%",
                                "boundingBox": [
                                    6.7525,
                                    6.4942,
                                    7.9875,
                                    6.4942,
                                    7.9875,
                                    6.7608,
                                    6.7525,
                                    6.7608
                                ],
                                "elements": [
                                    "#/readResults/0/lines/25/words/0"
                                ]
                            },
                            {
                                "rowIndex": 2,
                                "columnIndex": 0,
                                "text": "Total",
                                "boundingBox": [
                                    5.52,
                                    6.7608,
                                    6.7525,
                                    6.7608,
                                    6.7525,
                                    7.0179,
                                    5.52,
                                    7.0179
                                ],
                                "elements": [
                                    "#/readResults/0/lines/26/words/0"
                                ]
                            },
                            {
                                "rowIndex": 2,
                                "columnIndex": 1,
                                "text": "$2,779.5",
                                "boundingBox": [
                                    6.7525,
                                    6.7608,
                                    7.9875,
                                    6.7608,
                                    7.9875,
                                    7.0179,
                                    6.7525,
                                    7.0179
                                ],
                                "elements": [
                                    "#/readResults/0/lines/27/words/0"
                                ]
                            }
                        ]
                    }
                ]
            }
        ]
    }
}