{
    "$schema": "https://schema.cognitiveservices.azure.com/formrecognizer/2021-03-01/labels.json",
    "document": "fw9_scanned.jpg",
    "labels": [
        {
            "label": "Name",
            "key": null,
            "value": [
                {
                    "page": 1,
                    "text": "JANE",
                    "boundingBoxes": [
                        [
                            0.13010752688172042,
                            0.12763320941759604,
                            0.18010752688172044,
                            0.12680710450227178,
                            0.18010752688172044,
                            0.14250309789343246,
                            0.13010752688172042,
                            0.1429161503510946
                        ]
                    ]
                },
                {
                    "page": 1,
                    "text": "DOE",
                    "boundingBoxes": [
                        [
                            0.19408602150537635,
                            0.12639405204460966,
                            0.23387096774193547,
                            0.12556794712928543,
                            0.23387096774193547,
                            0.1416769929781082,
                            0.19462365591397848,
                            0.14209004543577033
                        ]
                    ]
                }
            ]
        },
        {
            "label": "BusinessName",
            "key": null,
            "value": [
                {
                    "page": 1,
                    "text": "J&",
                    "boundingBoxes": [
                        [
                            0.12795698924731183,
                            0.157786038826931,
                            0.15591397849462366,
                            0.157786038826931,
                            0.15591397849462366,
                            0.17389508467575382,
                            0.12795698924731183,
                            0.1734820322180917
                        ]
                    ]
                },
                {
                    "page": 1,
                    "text": "J",
                    "boundingBoxes": [
                        [
                            0.1629032258064516,
                            0.157786038826931,
                            0.17526881720430107,
                            0.157786038826931,
                            0.17526881720430107,
                            0.17389508467575382,
                            0.1629032258064516,
                            0.17389508467575382
                        ]
                    ]
                }
            ]
        },
        {
            "label": "TaxClassifyIndividual",
            "key": null,
            "value": [
                {
                    "page": 1,
                    "text": "unselected",
                    "boundingBoxes": [
                        [
                            0.1010752688172043,
                            0.20817843866171004,
                            0.11935483870967742,
                            0.20817843866171004,
                            0.11935483870967742,
                            0.2218091697645601,
                            0.1010752688172043,
                            0.2218091697645601
                        ]
                    ]
                }
            ]
        },
        {
            "label": "TaxClassifyCCorp",
            "key": null,
            "value": [
                {
                    "page": 1,
                    "text": "unselected",
                    "boundingBoxes": [
                        [
                            0.2887096774193548,
                            0.20487401900041305,
                            0.30483870967741933,
                            0.20487401900041305,
                            0.30483870967741933,
                            0.21767864518793886,
                            0.2887096774193548,
                            0.21767864518793886
                        ]
                    ]
                }
            ]
        },
        {
            "label": "TaxClassifySCorp",
            "key": null,
            "value": [
                {
                    "page": 1,
                    "text": "unselected",
                    "boundingBoxes": [
                        [
                            0.4064516129032258,
                            0.20487401900041305,
                            0.42311827956989245,
                            0.20487401900041305,
                            0.42311827956989245,
                            0.21726559273027674,
                            0.4064516129032258,
                            0.21726559273027674
                        ]
                    ]
                }
            ]
        },
        {
            "label": "TaxClassifyPartnership",
            "key": null,
            "value": [
                {
                    "page": 1,
                    "text": "unselected",
                    "boundingBoxes": [
                        [
                            0.5241935483870968,
                            0.20446096654275092,
                            0.5408602150537635,
                            0.20446096654275092,
                            0.5408602150537635,
                            0.21726559273027674,
                            0.5241935483870968,
                            0.21726559273027674
                        ]
                    ]
                }
            ]
        },
        {
            "label": "TaxClassifyTrust",
            "key": null,
            "value": [
                {
                    "page": 1,
                    "text": "unselected",
                    "boundingBoxes": [
                        [
                            0.6419354838709678,
                            0.20446096654275092,
                            0.6580645161290323,
                            0.20446096654275092,
                            0.6580645161290323,
                            0.21685254027261464,
                            0.6419354838709678,
                            0.21685254027261464
                        ]
                    ]
                }
            ]
        },
        {
            "label": "TaxClassifyLLC",
            "key": null,
            "value": [
                {
                    "page": 1,
                    "text": "selected",
                    "boundingBoxes": [
                        [
                            0.10215053763440861,
                            0.23915737298636927,
                            0.11827956989247312,
                            0.23915737298636927,
                            0.11827956989247312,
                            0.25196199917389506,
                            0.10215053763440861,
                            0.25196199917389506
                        ]
                    ]
                }
            ]
        },
        {
            "label": "LLC_Classification",
            "key": null,
            "labelType": "region",
            "value": [
                {
                    "page": 1,
                    "text": "",
                    "boundingBoxes": [
                        [
                            0.6777702695642013,
                            0.22908260990991547,
                            0.705084180366357,
                            0.22908260990991547,
                            0.705084180366357,
                            0.2495291902071561,
                            0.6777702695642013,
                            0.2495291902071561
                        ]
                    ]
                }
            ]
        },
        {
            "label": "TaxClassifyOther",
            "key": null,
            "value": [
                {
                    "page": 1,
                    "text": "unselected",
                    "boundingBoxes": [
                        [
                            0.10215053763440861,
                            0.29987608426270135,
                            0.11774193548387096,
                            0.29987608426270135,
                            0.11774193548387096,
                            0.3114415530772408,
                            0.10215053763440861,
                            0.3114415530772408
                        ]
                    ]
                }
            ]
        },
        {
            "label": "ExemptPayeeCode",
            "key": null,
            "value": [
                {
                    "page": 1,
                    "text": "8",
                    "boundingBoxes": [
                        [
                            0.8908602150537634,
                            0.21230896323833126,
                            0.9059139784946236,
                            0.21189591078066913,
                            0.906989247311828,
                            0.23130937629078893,
                            0.8919354838709678,
                            0.23172242874845106
                        ]
                    ]
                }
            ]
        },
        {
            "label": "FATCA_Code",
            "key": null,
            "value": [
                {
                    "page": 1,
                    "text": "K",
                    "boundingBoxes": [
                        [
                            0.8602150537634409,
                            0.2631144155307724,
                            0.8725806451612903,
                            0.26270136307311026,
                            0.8731182795698925,
                            0.2788104089219331,
                            0.860752688172043,
                            0.2792234613795952
                        ]
                    ]
                }
            ]
        },
        {
            "label": "Address",
            "key": null,
            "value": [
                {
                    "page": 1,
                    "text": "7",
                    "boundingBoxes": [
                        [
                            0.12258064516129032,
                            0.3267244940107394,
                            0.1338709677419355,
                            0.3267244940107394,
                            0.13440860215053763,
                            0.3420074349442379,
                            0.12311827956989248,
                            0.3420074349442379
                        ]
                    ]
                },
                {
                    "page": 1,
                    "text": "WILSON",
                    "boundingBoxes": [
                        [
                            0.1446236559139785,
                            0.3267244940107394,
                            0.2161290322580645,
                            0.32589838909541513,
                            0.21666666666666667,
                            0.3403552251135894,
                            0.1446236559139785,
                            0.3415943824865758
                        ]
                    ]
                },
                {
                    "page": 1,
                    "text": "STREET",
                    "boundingBoxes": [
                        [
                            0.22903225806451613,
                            0.32589838909541513,
                            0.2994623655913978,
                            0.3246592317224288,
                            0.3,
                            0.3378769103676167,
                            0.2295698924731183,
                            0.3403552251135894
                        ]
                    ]
                }
            ]
        },
        {
            "label": "CityStateZip",
            "key": null,
            "value": [
                {
                    "page": 1,
                    "text": "GOSHEN",
                    "boundingBoxes": [
                        [
                            0.1403225806451613,
                            0.35811648079306074,
                            0.20967741935483872,
                            0.35646427096241223,
                            0.21021505376344085,
                            0.3705080545229244,
                            0.1403225806451613,
                            0.3700950020652623
                        ]
                    ]
                },
                {
                    "page": 1,
                    "text": "IN,",
                    "boundingBoxes": [
                        [
                            0.23225806451612904,
                            0.3560512185047501,
                            0.271505376344086,
                            0.3552251135894259,
                            0.27204301075268816,
                            0.3705080545229244,
                            0.23279569892473118,
                            0.3705080545229244
                        ]
                    ]
                },
                {
                    "page": 1,
                    "text": "46526",
                    "boundingBoxes": [
                        [
                            0.278494623655914,
                            0.3552251135894259,
                            0.3338709677419355,
                            0.3543990086741016,
                            0.3349462365591398,
                            0.36926889714993805,
                            0.27956989247311825,
                            0.3705080545229244
                        ]
                    ]
                }
            ]
        },
        {
            "label": "RequesterNameAddress",
            "key": null,
            "value": [
                {
                    "page": 1,
                    "text": "JOANNE",
                    "boundingBoxes": [
                        [
                            0.6478494623655914,
                            0.3329202808756712,
                            0.7155913978494624,
                            0.33209417596034696,
                            0.7155913978494624,
                            0.3486162742668319,
                            0.6478494623655914,
                            0.34944237918215615
                        ]
                    ]
                },
                {
                    "page": 1,
                    "text": "JANG",
                    "boundingBoxes": [
                        [
                            0.7225806451612903,
                            0.33209417596034696,
                            0.7704301075268817,
                            0.33168112350268486,
                            0.7709677419354839,
                            0.34820322180916974,
                            0.7225806451612903,
                            0.3486162742668319
                        ]
                    ]
                },
                {
                    "page": 1,
                    "text": "210",
                    "boundingBoxes": [
                        [
                            0.6494623655913978,
                            0.3560512185047501,
                            0.6774193548387096,
                            0.3548120611317637,
                            0.6774193548387096,
                            0.3684427922346138,
                            0.65,
                            0.3688558446922759
                        ]
                    ]
                },
                {
                    "page": 1,
                    "text": "WEST",
                    "boundingBoxes": [
                        [
                            0.6827956989247311,
                            0.3543990086741016,
                            0.725268817204301,
                            0.35315985130111527,
                            0.725268817204301,
                            0.3680297397769517,
                            0.6833333333333333,
                            0.3684427922346138
                        ]
                    ]
                },
                {
                    "page": 1,
                    "text": "AVE,",
                    "boundingBoxes": [
                        [
                            0.728494623655914,
                            0.35315985130111527,
                            0.7704301075268817,
                            0.35192069392812886,
                            0.7704301075268817,
                            0.36761668731928954,
                            0.728494623655914,
                            0.3680297397769517
                        ]
                    ]
                },
                {
                    "page": 1,
                    "text": "PALOS,",
                    "boundingBoxes": [
                        [
                            0.7736559139784946,
                            0.35192069392812886,
                            0.8268817204301075,
                            0.3510945890128046,
                            0.8268817204301075,
                            0.36720363486162744,
                            0.7736559139784946,
                            0.36761668731928954
                        ]
                    ]
                },
                {
                    "page": 1,
                    "text": "CA,",
                    "boundingBoxes": [
                        [
                            0.8301075268817204,
                            0.3510945890128046,
                            0.8612903225806452,
                            0.3506815365551425,
                            0.860752688172043,
                            0.3667905824039653,
                            0.8301075268817204,
                            0.36720363486162744
                        ]
                    ]
                },
                {
                    "page": 1,
                    "text": "90274",
                    "boundingBoxes": [
                        [
                            0.864516129032258,
                            0.3506815365551425,
                            0.917741935483871,
                            0.3506815365551425,
                            0.9172043010752688,
                            0.3663775299463032,
                            0.863978494623656,
                            0.3667905824039653
                        ]
                    ]
                }
            ]
        },
        {
            "label": "AccountNumbers",
            "key": null,
            "value": [
                {
                    "page": 1,
                    "text": "15679",
                    "boundingBoxes": [
                        [
                            0.45268817204301076,
                            0.38455183808343657,
                            0.5010752688172043,
                            0.3849648905410987,
                            0.5010752688172043,
                            0.39942172655927305,
                            0.45268817204301076,
                            0.39983477901693515
                        ]
                    ]
                },
                {
                    "page": 1,
                    "text": "431",
                    "boundingBoxes": [
                        [
                            0.5048387096774194,
                            0.3849648905410987,
                            0.5397849462365591,
                            0.3853779429987608,
                            0.5403225806451613,
                            0.39942172655927305,
                            0.5053763440860215,
                            0.39942172655927305
                        ]
                    ]
                }
            ]
        },
        {
            "label": "SSN",
            "key": null,
            "labelType": "region",
            "value": [
                {
                    "page": 1,
                    "text": "",
                    "boundingBoxes": [
                        [
                            0.6763695134433518,
                            0.43408664542242553,
                            0.9327000609712752,
                            0.43408664542242553,
                            0.9327000609712752,
                            0.4604520102422147,
                            0.6763695134433518,
                            0.4604520102422147
                        ]
                    ]
                }
            ]
        },
        {
            "label": "EIN",
            "key": null,
            "labelType": "region",
            "value": [
                {
                    "page": 1,
                    "text": "",
                    "boundingBoxes": [
                        [
                            0.6735681294407926,
                            0.4938122305717395,
                            0.908887976351673,
                            0.4938122305717395,
                            0.908887976351673,
                            0.5223298358891577,
                            0.6735681294407926,
                            0.5223298358891577
                        ]
                    ]
                }
            ]
        }
    ],
    "labelingState": 2
}