{
    "$schema": "https://schema.cognitiveservices.azure.com/formrecognizer/2021-03-01/labels.json",
    "document": "fw9_2.pdf",
    "labels": [
        {
            "label": "Name",
            "key": null,
            "value": [
                {
                    "page": 1,
                    "text": "Sergio",
                    "boundingBoxes": [
                        [
                            0.10005774148313124,
                            0.1224001237927927,
                            0.14445976361343843,
                            0.1224001237927927,
                            0.14445976361343843,
                            0.13541657184988304,
                            0.10062337233829438,
                            0.13541657184988304
                        ]
                    ]
                },
                {
                    "page": 1,
                    "text": "Griezmann",
                    "boundingBoxes": [
                        [
                            0.1478417647682681,
                            0.1224001237927927,
                            0.22596952663767808,
                            0.1224001237927927,
                            0.22596952663767808,
                            0.13455184278315324,
                            0.1478417647682681,
                            0.13541657184988304
                        ]
                    ]
                }
            ]
        },
        {
            "label": "BusinessName",
            "key": null,
            "value": [
                {
                    "page": 1,
                    "text": "Aqua",
                    "boundingBoxes": [
                        [
                            0.09949211062796809,
                            0.15321178580205896,
                            0.1354685898115742,
                            0.15321178580205896,
                            0.1354685898115742,
                            0.1653635047924195,
                            0.09949211062796809,
                            0.16492658905344026
                        ]
                    ]
                },
                {
                    "page": 1,
                    "text": "Control",
                    "boundingBoxes": [
                        [
                            0.13883880699025464,
                            0.15321178580205896,
                            0.19336326463275239,
                            0.15234705673532917,
                            0.1939288954879155,
                            0.16492658905344026,
                            0.13883880699025464,
                            0.1653635047924195
                        ]
                    ]
                }
            ]
        },
        {
            "label": "TaxClassifyIndividual",
            "key": null,
            "value": [
                {
                    "page": 1,
                    "text": "selected",
                    "boundingBoxes": [
                        [
                            0.10769375802783375,
                            0.20041689043427602,
                            0.12078575552963079,
                            0.20041689043427602,
                            0.12078575552963079,
                            0.21052966930940004,
                            0.10769375802783375,
                            0.21052966930940004
                        ]
                    ]
                }
            ]
        },
        {
            "label": "TaxClassifyCCorp",
            "key": null,
            "value": [
                {
                    "page": 1,
                    "text": "unselected",
                    "boundingBoxes": [
                        [
                            0.29459940373080684,
                            0.19852358889869925,
                            0.3076914012326039,
                            0.19852358889869925,
                            0.3076914012326039,
                            0.20863636777382327,
                            0.29459940373080684,
                            0.20863636777382327
                        ]
                    ]
                }
            ]
        },
        {
            "label": "TaxClassifySCorp",
            "key": null,
            "value": [
                {
                    "page": 1,
                    "text": "unselected",
                    "boundingBoxes": [
                        [
                            0.41243916522312957,
                            0.19852358889869925,
                            0.42553116272492664,
                            0.19852358889869925,
                            0.42553116272492664,
                            0.20863636777382327,
                            0.41243916522312957,
                            0.20863636777382327
                        ]
                    ]
                }
            ]
        },
        {
            "label": "TaxClassifyPartnership",
            "key": null,
            "value": [
                {
                    "page": 1,
                    "text": "unselected",
                    "boundingBoxes": [
                        [
                            0.5302789267154523,
                            0.19852358889869925,
                            0.5433709242172494,
                            0.19852358889869925,
                            0.5433709242172494,
                            0.20863636777382327,
                            0.5302789267154523,
                            0.20863636777382327
                        ]
                    ]
                }
            ]
        },
        {
            "label": "TaxClassifyTrust",
            "key": null,
            "value": [
                {
                    "page": 1,
                    "text": "unselected",
                    "boundingBoxes": [
                        [
                            0.6481186882077751,
                            0.19852358889869925,
                            0.6612106857095721,
                            0.19852358889869925,
                            0.6612106857095721,
                            0.20863636777382327,
                            0.6481186882077751,
                            0.20863636777382327
                        ]
                    ]
                }
            ]
        },
        {
            "label": "TaxClassifyLLC",
            "key": null,
            "value": [
                {
                    "page": 1,
                    "text": "unselected",
                    "boundingBoxes": [
                        [
                            0.10769375802783375,
                            0.23076432947087683,
                            0.12078575552963079,
                            0.23076432947087683,
                            0.12078575552963079,
                            0.24087710834600085,
                            0.10769375802783375,
                            0.24087710834600085
                        ]
                    ]
                }
            ]
        },
        {
            "label": "TaxClassifyOther",
            "key": null,
            "value": [
                {
                    "page": 1,
                    "text": "unselected",
                    "boundingBoxes": [
                        [
                            0.10769375802783375,
                            0.29017576756082686,
                            0.12078575552963079,
                            0.29017576756082686,
                            0.12078575552963079,
                            0.3002885464359509,
                            0.10769375802783375,
                            0.3002885464359509
                        ]
                    ]
                }
            ]
        },
        {
            "label": "ExemptPayeeCode",
            "key": null,
            "value": [
                {
                    "page": 1,
                    "text": "3",
                    "boundingBoxes": [
                        [
                            0.9094990631738961,
                            0.2148442122318202,
                            0.9168051283864201,
                            0.2148442122318202,
                            0.9168051283864201,
                            0.22482955734974194,
                            0.9094990631738961,
                            0.22482955734974194
                        ]
                    ]
                }
            ]
        },
        {
            "label": "FATCA_Code",
            "key": null,
            "value": [
                {
                    "page": 1,
                    "text": "F",
                    "boundingBoxes": [
                        [
                            0.8774584320241335,
                            0.2608477985818443,
                            0.8853301280918207,
                            0.2608477985818443,
                            0.8847644972366576,
                            0.27039622796078683,
                            0.8774584320241335,
                            0.2699684146330363
                        ]
                    ]
                }
            ]
        },
        {
            "label": "Address",
            "key": null,
            "value": [
                {
                    "page": 1,
                    "text": "204",
                    "boundingBoxes": [
                        [
                            0.09837263289379101,
                            0.3198769354001875,
                            0.12197593712070325,
                            0.3198769354001875,
                            0.12142209024168935,
                            0.3316008410627975,
                            0.09837263289379101,
                            0.3311639253238183
                        ]
                    ]
                },
                {
                    "page": 1,
                    "text": "Aqua",
                    "boundingBoxes": [
                        [
                            0.12479230742036977,
                            0.3198769354001875,
                            0.16245389519331613,
                            0.319449122072437,
                            0.16245389519331613,
                            0.332028654390548,
                            0.12479230742036977,
                            0.3316008410627975
                        ]
                    ]
                },
                {
                    "page": 1,
                    "text": "Road,",
                    "boundingBoxes": [
                        [
                            0.16582411237199654,
                            0.319449122072437,
                            0.20854102591296356,
                            0.319449122072437,
                            0.20854102591296356,
                            0.3316008410627975,
                            0.16582411237199654,
                            0.332028654390548
                        ]
                    ]
                },
                {
                    "page": 1,
                    "text": "APT",
                    "boundingBoxes": [
                        [
                            0.21135739621263006,
                            0.319449122072437,
                            0.2417129187730524,
                            0.3190122063334577,
                            0.2417129187730524,
                            0.3311639253238183,
                            0.21135739621263006,
                            0.3316008410627975
                        ]
                    ]
                },
                {
                    "page": 1,
                    "text": "333",
                    "boundingBoxes": [
                        [
                            0.24564876680689599,
                            0.3190122063334577,
                            0.2709371796231484,
                            0.3190122063334577,
                            0.2709371796231484,
                            0.330727009584839,
                            0.24564876680689599,
                            0.3311639253238183
                        ]
                    ]
                }
            ]
        },
        {
            "label": "CityStateZip",
            "key": null,
            "value": [
                {
                    "page": 1,
                    "text": "Pittsburgh,",
                    "boundingBoxes": [
                        [
                            0.09837263289379101,
                            0.34982386834272394,
                            0.17481528617386077,
                            0.34982386834272394,
                            0.17481528617386077,
                            0.3624125030720638,
                            0.09837263289379101,
                            0.361547774005334
                        ]
                    ]
                },
                {
                    "page": 1,
                    "text": "PA,",
                    "boundingBoxes": [
                        [
                            0.1776316564735273,
                            0.34982386834272394,
                            0.20573643958944626,
                            0.34939605501497345,
                            0.20573643958944626,
                            0.3624125030720638,
                            0.1776316564735273,
                            0.3624125030720638
                        ]
                    ]
                },
                {
                    "page": 1,
                    "text": "15213",
                    "boundingBoxes": [
                        [
                            0.20854102591296356,
                            0.34939605501497345,
                            0.25013846171975346,
                            0.34939605501497345,
                            0.25013846171975346,
                            0.361547774005334,
                            0.20854102591296356,
                            0.36197558733308455
                        ]
                    ]
                }
            ]
        },
        {
            "label": "RequesterNameAddress",
            "key": null,
            "value": [
                {
                    "page": 1,
                    "text": "Gareth",
                    "boundingBoxes": [
                        [
                            0.640246992140088,
                            0.32205241168385507,
                            0.6846607982465444,
                            0.3216154959448758,
                            0.6846607982465444,
                            0.332028654390548,
                            0.640246992140088,
                            0.332028654390548
                        ]
                    ]
                },
                {
                    "page": 1,
                    "text": "Kane",
                    "boundingBoxes": [
                        [
                            0.6891504931594018,
                            0.3216154959448758,
                            0.726246450077185,
                            0.3216154959448758,
                            0.726246450077185,
                            0.332028654390548,
                            0.6891504931594018,
                            0.332028654390548
                        ]
                    ]
                }
            ]
        },
        {
            "label": "AccountNumbers",
            "key": null,
            "value": [
                {
                    "page": 1,
                    "text": "333444567890,",
                    "boundingBoxes": [
                        [
                            0.4153969432365869,
                            0.38064463276321897,
                            0.5182710550193846,
                            0.38020771702423967,
                            0.5182710550193846,
                            0.3914947069478705,
                            0.4153969432365869,
                            0.3910577912088912
                        ]
                    ]
                },
                {
                    "page": 1,
                    "text": "282345234234",
                    "boundingBoxes": [
                        [
                            0.5210756413429019,
                            0.38020771702423967,
                            0.6188826433815298,
                            0.38064463276321897,
                            0.6183287965025159,
                            0.3910577912088912,
                            0.520521794463888,
                            0.3914947069478705
                        ]
                    ]
                }
            ]
        },
        {
            "label": "SSN",
            "key": null,
            "value": [
                {
                    "page": 1,
                    "text": "2",
                    "boundingBoxes": [
                        [
                            0.6885848623042387,
                            0.43489500368647654,
                            0.698141666961266,
                            0.43489500368647654,
                            0.698141666961266,
                            0.44574507787112805,
                            0.6885848623042387,
                            0.44574507787112805
                        ]
                    ]
                },
                {
                    "page": 1,
                    "text": "3",
                    "boundingBoxes": [
                        [
                            0.7133194282414772,
                            0.43445808794749724,
                            0.7217567551643276,
                            0.43445808794749724,
                            0.7217567551643276,
                            0.4453172645433775,
                            0.7133194282414772,
                            0.4453172645433775
                        ]
                    ]
                },
                {
                    "page": 1,
                    "text": "3",
                    "boundingBoxes": [
                        [
                            0.7369345164445387,
                            0.43489500368647654,
                            0.7448062125122258,
                            0.43533191942545585,
                            0.7436749508018996,
                            0.4453172645433775,
                            0.7363688855893755,
                            0.4448803488043983
                        ]
                    ]
                },
                {
                    "page": 1,
                    "text": "4",
                    "boundingBoxes": [
                        [
                            0.7841529088745124,
                            0.43489500368647654,
                            0.7920246049421995,
                            0.43489500368647654,
                            0.7908933432318732,
                            0.444443433065419,
                            0.7835872780193492,
                            0.4440065173264398
                        ]
                    ]
                },
                {
                    "page": 1,
                    "text": "6",
                    "boundingBoxes": [
                        [
                            0.8060711045120844,
                            0.43489500368647654,
                            0.8139428005797715,
                            0.43489500368647654,
                            0.8128115388694452,
                            0.4448803488043983,
                            0.8049516267779073,
                            0.444443433065419
                        ]
                    ]
                },
                {
                    "page": 1,
                    "text": "7",
                    "boundingBoxes": [
                        [
                            0.8549746055313984,
                            0.43403027461974675,
                            0.8634119324542486,
                            0.43445808794749724,
                            0.8622806707439223,
                            0.4453172645433775,
                            0.8538551277972213,
                            0.444443433065419
                        ]
                    ]
                },
                {
                    "page": 1,
                    "text": "4",
                    "boundingBoxes": [
                        [
                            0.8774584320241335,
                            0.43403027461974675,
                            0.8864496058259977,
                            0.43445808794749724,
                            0.8853301280918207,
                            0.4448803488043983,
                            0.8763389542899565,
                            0.444443433065419
                        ]
                    ]
                },
                {
                    "page": 1,
                    "text": "3",
                    "boundingBoxes": [
                        [
                            0.9016273671062089,
                            0.43489500368647654,
                            0.9094990631738961,
                            0.43489500368647654,
                            0.9094990631738961,
                            0.4453172645433775,
                            0.9016273671062089,
                            0.4453172645433775
                        ]
                    ]
                },
                {
                    "page": 1,
                    "text": "3",
                    "boundingBoxes": [
                        [
                            0.9246768244541073,
                            0.43489500368647654,
                            0.9331141513769575,
                            0.43489500368647654,
                            0.9325485205217945,
                            0.4453172645433775,
                            0.9241111935989441,
                            0.4448803488043983
                        ]
                    ]
                }
            ]
        },
        {
            "label": "EIN",
            "key": null,
            "value": [
                {
                    "page": 1,
                    "text": "4",
                    "boundingBoxes": [
                        [
                            0.689716124014565,
                            0.4965274301162378,
                            0.697022189227089,
                            0.4965274301162378,
                            0.697022189227089,
                            0.5052111304284505,
                            0.689716124014565,
                            0.5052111304284505
                        ]
                    ]
                },
                {
                    "page": 1,
                    "text": "5",
                    "boundingBoxes": [
                        [
                            0.7127655813624634,
                            0.4960905143772585,
                            0.7206254934540013,
                            0.4960905143772585,
                            0.7206254934540013,
                            0.5052111304284505,
                            0.7127655813624634,
                            0.5052111304284505
                        ]
                    ]
                },
                {
                    "page": 1,
                    "text": "3",
                    "boundingBoxes": [
                        [
                            0.7611034515266141,
                            0.4960905143772585,
                            0.7684095167391382,
                            0.4960905143772585,
                            0.7678438858839749,
                            0.5060758594951803,
                            0.7605378206714509,
                            0.505638943756201
                        ]
                    ]
                },
                {
                    "page": 1,
                    "text": "4",
                    "boundingBoxes": [
                        [
                            0.7835872780193492,
                            0.4960905143772585,
                            0.7914589740870365,
                            0.4960905143772585,
                            0.7908933432318732,
                            0.5052111304284505,
                            0.7830216471641861,
                            0.5047742146894711
                        ]
                    ]
                },
                {
                    "page": 1,
                    "text": "5",
                    "boundingBoxes": [
                        [
                            0.8071905822462615,
                            0.495662701049508,
                            0.8150622783139486,
                            0.495662701049508,
                            0.8150622783139486,
                            0.505638943756201,
                            0.8071905822462615,
                            0.505638943756201
                        ]
                    ]
                },
                {
                    "page": 1,
                    "text": "6",
                    "boundingBoxes": [
                        [
                            0.8296861927151459,
                            0.4960905143772585,
                            0.8364266270725067,
                            0.4960905143772585,
                            0.8364266270725067,
                            0.505638943756201,
                            0.8296861927151459,
                            0.505638943756201
                        ]
                    ]
                },
                {
                    "page": 1,
                    "text": "3",
                    "boundingBoxes": [
                        [
                            0.8544089746762352,
                            0.49522578531052874,
                            0.8617268238649085,
                            0.49522578531052874,
                            0.8617268238649085,
                            0.5052111304284505,
                            0.8544089746762352,
                            0.5052111304284505
                        ]
                    ]
                },
                {
                    "page": 1,
                    "text": "4",
                    "boundingBoxes": [
                        [
                            0.8774584320241335,
                            0.495662701049508,
                            0.8853301280918207,
                            0.495662701049508,
                            0.8853301280918207,
                            0.5052111304284505,
                            0.8774584320241335,
                            0.5047742146894711
                        ]
                    ]
                },
                {
                    "page": 1,
                    "text": "5",
                    "boundingBoxes": [
                        [
                            0.9016273671062089,
                            0.49522578531052874,
                            0.9094990631738961,
                            0.495662701049508,
                            0.908933432318733,
                            0.5060758594951803,
                            0.901073520227195,
                            0.505638943756201
                        ]
                    ]
                }
            ]
        }
    ],
    "labelingState": 2
}