{
    "$schema": "https://schema.cognitiveservices.azure.com/formrecognizer/2021-03-01/labels.json",
    "document": "fw9_3.pdf",
    "labels": [
        {
            "label": "Name",
            "key": null,
            "value": [
                {
                    "page": 1,
                    "text": "Alex",
                    "boundingBoxes": [
                        [
                            0.10117721921730831,
                            0.1224001237927927,
                            0.12984763318839043,
                            0.12282793712054323,
                            0.12984763318839043,
                            0.13325019797744422,
                            0.10062337233829438,
                            0.13325019797744422
                        ]
                    ]
                },
                {
                    "page": 1,
                    "text": "Hellmann",
                    "boundingBoxes": [
                        [
                            0.13321785036707084,
                            0.12282793712054323,
                            0.20011548296626247,
                            0.12282793712054323,
                            0.20011548296626247,
                            0.13367801130519474,
                            0.13266400348805693,
                            0.13325019797744422
                        ]
                    ]
                }
            ]
        },
        {
            "label": "BusinessName",
            "key": null,
            "value": [
                {
                    "page": 1,
                    "text": "Hedge",
                    "boundingBoxes": [
                        [
                            0.09949211062796809,
                            0.1527748700630797,
                            0.14277465502409822,
                            0.1527748700630797,
                            0.14277465502409822,
                            0.16580042053139876,
                            0.09949211062796809,
                            0.1653635047924195
                        ]
                    ]
                },
                {
                    "page": 1,
                    "text": "Hog",
                    "boundingBoxes": [
                        [
                            0.14614487220277866,
                            0.1527748700630797,
                            0.17650039476320098,
                            0.1527748700630797,
                            0.17650039476320098,
                            0.16580042053139876,
                            0.14614487220277866,
                            0.16580042053139876
                        ]
                    ]
                },
                {
                    "page": 1,
                    "text": "Estate",
                    "boundingBoxes": [
                        [
                            0.17988239591803065,
                            0.1527748700630797,
                            0.22708900437185514,
                            0.1527748700630797,
                            0.2276546352270183,
                            0.16492658905344026,
                            0.17988239591803065,
                            0.16580042053139876
                        ]
                    ]
                }
            ]
        },
        {
            "label": "TaxClassifyIndividual",
            "key": null,
            "value": [
                {
                    "page": 1,
                    "text": "unselected",
                    "boundingBoxes": [
                        [
                            0.10769375802783375,
                            0.20041689043427602,
                            0.12078575552963079,
                            0.20041689043427602,
                            0.12078575552963079,
                            0.21052966930940004,
                            0.10769375802783375,
                            0.21052966930940004
                        ]
                    ]
                }
            ]
        },
        {
            "label": "TaxClassifyCCorp",
            "key": null,
            "value": [
                {
                    "page": 1,
                    "text": "unselected",
                    "boundingBoxes": [
                        [
                            0.29459940373080684,
                            0.19852358889869925,
                            0.3076914012326039,
                            0.19852358889869925,
                            0.3076914012326039,
                            0.20863636777382327,
                            0.29459940373080684,
                            0.20863636777382327
                        ]
                    ]
                }
            ]
        },
        {
            "label": "TaxClassifySCorp",
            "key": null,
            "value": [
                {
                    "page": 1,
                    "text": "unselected",
                    "boundingBoxes": [
                        [
                            0.41243916522312957,
                            0.19852358889869925,
                            0.42553116272492664,
                            0.19852358889869925,
                            0.42553116272492664,
                            0.20863636777382327,
                            0.41243916522312957,
                            0.20863636777382327
                        ]
                    ]
                }
            ]
        },
        {
            "label": "TaxClassifyPartnership",
            "key": null,
            "value": [
                {
                    "page": 1,
                    "text": "unselected",
                    "boundingBoxes": [
                        [
                            0.5302789267154523,
                            0.19852358889869925,
                            0.5433709242172494,
                            0.19852358889869925,
                            0.5433709242172494,
                            0.20863636777382327,
                            0.5302789267154523,
                            0.20863636777382327
                        ]
                    ]
                }
            ]
        },
        {
            "label": "TaxClassifyTrust",
            "key": null,
            "value": [
                {
                    "page": 1,
                    "text": "selected",
                    "boundingBoxes": [
                        [
                            0.6481186882077751,
                            0.19852358889869925,
                            0.6612106857095721,
                            0.19852358889869925,
                            0.6612106857095721,
                            0.20863636777382327,
                            0.6481186882077751,
                            0.20863636777382327
                        ]
                    ]
                }
            ]
        },
        {
            "label": "TaxClassifyLLC",
            "key": null,
            "value": [
                {
                    "page": 1,
                    "text": "unselected",
                    "boundingBoxes": [
                        [
                            0.10769375802783375,
                            0.23076432947087683,
                            0.12078575552963079,
                            0.23076432947087683,
                            0.12078575552963079,
                            0.24087710834600085,
                            0.10769375802783375,
                            0.24087710834600085
                        ]
                    ]
                }
            ]
        },
        {
            "label": "TaxClassifyOther",
            "key": null,
            "value": [
                {
                    "page": 1,
                    "text": "unselected",
                    "boundingBoxes": [
                        [
                            0.10769375802783375,
                            0.29017576756082686,
                            0.12078575552963079,
                            0.29017576756082686,
                            0.12078575552963079,
                            0.3002885464359509,
                            0.10769375802783375,
                            0.3002885464359509
                        ]
                    ]
                }
            ]
        },
        {
            "label": "ExemptPayeeCode",
            "key": null,
            "value": [
                {
                    "page": 1,
                    "text": "2",
                    "boundingBoxes": [
                        [
                            0.908933432318733,
                            0.2148442122318202,
                            0.9173707592415833,
                            0.2148442122318202,
                            0.9179363900967464,
                            0.22569428641647168,
                            0.9094990631738961,
                            0.22569428641647168
                        ]
                    ]
                }
            ]
        },
        {
            "label": "FATCA_Code",
            "key": null,
            "value": [
                {
                    "page": 1,
                    "text": "C",
                    "boundingBoxes": [
                        [
                            0.8768928011689704,
                            0.26128471432082356,
                            0.8825137577921541,
                            0.26128471432082356,
                            0.8830793886473174,
                            0.2690945831550778,
                            0.8768928011689704,
                            0.26953149889405703
                        ]
                    ]
                }
            ]
        },
        {
            "label": "Address",
            "key": null,
            "value": [
                {
                    "page": 1,
                    "text": "1414",
                    "boundingBoxes": [
                        [
                            0.09837263289379101,
                            0.3198769354001875,
                            0.12928200233322726,
                            0.3198769354001875,
                            0.12928200233322726,
                            0.3302991962570885,
                            0.09892647977280494,
                            0.3302991962570885
                        ]
                    ]
                },
                {
                    "page": 1,
                    "text": "Center",
                    "boundingBoxes": [
                        [
                            0.13266400348805693,
                            0.3198769354001875,
                            0.18156750450737086,
                            0.319449122072437,
                            0.18156750450737086,
                            0.330727009584839,
                            0.13321785036707084,
                            0.330727009584839
                        ]
                    ]
                },
                {
                    "page": 1,
                    "text": "Ave,",
                    "boundingBoxes": [
                        [
                            0.183806459975725,
                            0.319449122072437,
                            0.21697835283581385,
                            0.319449122072437,
                            0.21697835283581385,
                            0.330727009584839,
                            0.18437209083088815,
                            0.330727009584839
                        ]
                    ]
                },
                {
                    "page": 1,
                    "text": "APT",
                    "boundingBoxes": [
                        [
                            0.21978293915933114,
                            0.319449122072437,
                            0.2490189839855764,
                            0.319449122072437,
                            0.24845335313041325,
                            0.330727009584839,
                            0.21922909228031723,
                            0.330727009584839
                        ]
                    ]
                },
                {
                    "page": 1,
                    "text": "788",
                    "boundingBoxes": [
                        [
                            0.254074309753597,
                            0.319449122072437,
                            0.2782432448356725,
                            0.319449122072437,
                            0.27768939795665853,
                            0.3302991962570885,
                            0.254074309753597,
                            0.330727009584839
                        ]
                    ]
                }
            ]
        },
        {
            "label": "CityStateZip",
            "key": null,
            "value": [
                {
                    "page": 1,
                    "text": "Philadelphia,",
                    "boundingBoxes": [
                        [
                            0.09837263289379101,
                            0.34982386834272394,
                            0.18774230800956856,
                            0.34982386834272394,
                            0.18774230800956856,
                            0.36197558733308455,
                            0.09837263289379101,
                            0.361547774005334
                        ]
                    ]
                },
                {
                    "page": 1,
                    "text": "PA,",
                    "boundingBoxes": [
                        [
                            0.1905586783092351,
                            0.34982386834272394,
                            0.2180978305699909,
                            0.34982386834272394,
                            0.2180978305699909,
                            0.36197558733308455,
                            0.1905586783092351,
                            0.36197558733308455
                        ]
                    ]
                },
                {
                    "page": 1,
                    "text": "19019",
                    "boundingBoxes": [
                        [
                            0.22146804774867135,
                            0.34982386834272394,
                            0.26251163667644734,
                            0.34939605501497345,
                            0.26251163667644734,
                            0.36111085826635475,
                            0.22091420086965743,
                            0.36197558733308455
                        ]
                    ]
                }
            ]
        },
        {
            "label": "RequesterNameAddress",
            "key": null,
            "value": [
                {
                    "page": 1,
                    "text": "Maybeline",
                    "boundingBoxes": [
                        [
                            0.6385618835507476,
                            0.3216154959448758,
                            0.7093835802076336,
                            0.3216154959448758,
                            0.7093835802076336,
                            0.3337672149352363,
                            0.6391275144059109,
                            0.3337672149352363
                        ]
                    ]
                },
                {
                    "page": 1,
                    "text": "Hartworth",
                    "boundingBoxes": [
                        [
                            0.7121999505073001,
                            0.3216154959448758,
                            0.7835872780193492,
                            0.32117858020589657,
                            0.7835872780193492,
                            0.33246557012952727,
                            0.7121999505073001,
                            0.3337672149352363
                        ]
                    ]
                }
            ]
        },
        {
            "label": "AccountNumbers",
            "key": null,
            "value": [
                {
                    "page": 1,
                    "text": "15134123,",
                    "boundingBoxes": [
                        [
                            0.444067357207669,
                            0.38107244609096946,
                            0.5137695761303779,
                            0.38064463276321897,
                            0.514335206985541,
                            0.3914947069478705,
                            0.444067357207669,
                            0.3910577912088912
                        ]
                    ]
                },
                {
                    "page": 1,
                    "text": "123156785",
                    "boundingBoxes": [
                        [
                            0.5165859464300444,
                            0.38064463276321897,
                            0.5890927516762706,
                            0.38020771702423967,
                            0.5890927516762706,
                            0.3914947069478705,
                            0.5165859464300444,
                            0.3914947069478705
                        ]
                    ]
                }
            ]
        },
        {
            "label": "SSN",
            "key": null,
            "value": [
                {
                    "page": 1,
                    "text": "5",
                    "boundingBoxes": [
                        [
                            0.6891504931594018,
                            0.43489500368647654,
                            0.697022189227089,
                            0.43489500368647654,
                            0.697022189227089,
                            0.4453172645433775,
                            0.6891504931594018,
                            0.4453172645433775
                        ]
                    ]
                },
                {
                    "page": 1,
                    "text": "7",
                    "boundingBoxes": [
                        [
                            0.7127655813624634,
                            0.43489500368647654,
                            0.7206254934540013,
                            0.43489500368647654,
                            0.7206254934540013,
                            0.4448803488043983,
                            0.7127655813624634,
                            0.4448803488043983
                        ]
                    ]
                },
                {
                    "page": 1,
                    "text": "5",
                    "boundingBoxes": [
                        [
                            0.7369345164445387,
                            0.43489500368647654,
                            0.7442405816570626,
                            0.43489500368647654,
                            0.7442405816570626,
                            0.4448803488043983,
                            0.7369345164445387,
                            0.4448803488043983
                        ]
                    ]
                },
                {
                    "page": 1,
                    "text": "2",
                    "boundingBoxes": [
                        [
                            0.7835872780193492,
                            0.43489500368647654,
                            0.7925784518212134,
                            0.43489500368647654,
                            0.7925784518212134,
                            0.44574507787112805,
                            0.7835872780193492,
                            0.44574507787112805
                        ]
                    ]
                },
                {
                    "page": 1,
                    "text": "3",
                    "boundingBoxes": [
                        [
                            0.8077562131014246,
                            0.43489500368647654,
                            0.8150622783139486,
                            0.43533191942545585,
                            0.8145084314349347,
                            0.4453172645433775,
                            0.8066367353672476,
                            0.4448803488043983
                        ]
                    ]
                },
                {
                    "page": 1,
                    "text": "3",
                    "boundingBoxes": [
                        [
                            0.8538551277972213,
                            0.43445808794749724,
                            0.8622806707439223,
                            0.43445808794749724,
                            0.8622806707439223,
                            0.4453172645433775,
                            0.8538551277972213,
                            0.4453172645433775
                        ]
                    ]
                },
                {
                    "page": 1,
                    "text": "4",
                    "boundingBoxes": [
                        [
                            0.8763389542899565,
                            0.43403027461974675,
                            0.8853301280918207,
                            0.43403027461974675,
                            0.8853301280918207,
                            0.4448803488043983,
                            0.8763389542899565,
                            0.4448803488043983
                        ]
                    ]
                },
                {
                    "page": 1,
                    "text": "6",
                    "boundingBoxes": [
                        [
                            0.8999422585168687,
                            0.43445808794749724,
                            0.9078139545845559,
                            0.43445808794749724,
                            0.9078139545845559,
                            0.4453172645433775,
                            0.8999422585168687,
                            0.4453172645433775
                        ]
                    ]
                },
                {
                    "page": 1,
                    "text": "7",
                    "boundingBoxes": [
                        [
                            0.9241111935989441,
                            0.43489500368647654,
                            0.9308634119324543,
                            0.43445808794749724,
                            0.9325485205217945,
                            0.4435787039986892,
                            0.9252424553092704,
                            0.4440065173264398
                        ]
                    ]
                }
            ]
        },
        {
            "label": "EIN",
            "key": null,
            "value": [
                {
                    "page": 1,
                    "text": "2",
                    "boundingBoxes": [
                        [
                            0.6891504931594018,
                            0.4960905143772585,
                            0.6975878200822522,
                            0.4960905143772585,
                            0.6975878200822522,
                            0.5060758594951803,
                            0.6891504931594018,
                            0.5060758594951803
                        ]
                    ]
                },
                {
                    "page": 1,
                    "text": "3",
                    "boundingBoxes": [
                        [
                            0.7138850590966404,
                            0.4960905143772585,
                            0.7211911243091643,
                            0.4960905143772585,
                            0.7211911243091643,
                            0.5052111304284505,
                            0.7138850590966404,
                            0.5052111304284505
                        ]
                    ]
                },
                {
                    "page": 1,
                    "text": "3",
                    "boundingBoxes": [
                        [
                            0.7611034515266141,
                            0.495662701049508,
                            0.7684095167391382,
                            0.4960905143772585,
                            0.7678438858839749,
                            0.5060758594951803,
                            0.759983973792437,
                            0.505638943756201
                        ]
                    ]
                },
                {
                    "page": 1,
                    "text": "4",
                    "boundingBoxes": [
                        [
                            0.7835872780193492,
                            0.4960905143772585,
                            0.7914589740870365,
                            0.4960905143772585,
                            0.7908933432318732,
                            0.5052111304284505,
                            0.7835872780193492,
                            0.5047742146894711
                        ]
                    ]
                },
                {
                    "page": 1,
                    "text": "6",
                    "boundingBoxes": [
                        [
                            0.8060711045120844,
                            0.4965274301162378,
                            0.8128115388694452,
                            0.4965274301162378,
                            0.8128115388694452,
                            0.5060758594951803,
                            0.8060711045120844,
                            0.5060758594951803
                        ]
                    ]
                },
                {
                    "page": 1,
                    "text": "4",
                    "boundingBoxes": [
                        [
                            0.8319251481835,
                            0.495662701049508,
                            0.8386773665170101,
                            0.495662701049508,
                            0.8392312133960241,
                            0.5047742146894711,
                            0.8319251481835,
                            0.5052111304284505
                        ]
                    ]
                },
                {
                    "page": 1,
                    "text": "6",
                    "boundingBoxes": [
                        [
                            0.8549746055313984,
                            0.4960905143772585,
                            0.8611611930097454,
                            0.495662701049508,
                            0.8622806707439223,
                            0.5047742146894711,
                            0.8549746055313984,
                            0.5052111304284505
                        ]
                    ]
                },
                {
                    "page": 1,
                    "text": "2",
                    "boundingBoxes": [
                        [
                            0.8768928011689704,
                            0.495662701049508,
                            0.8858957589469839,
                            0.495662701049508,
                            0.8858957589469839,
                            0.5060758594951803,
                            0.8768928011689704,
                            0.5060758594951803
                        ]
                    ]
                },
                {
                    "page": 1,
                    "text": "3",
                    "boundingBoxes": [
                        [
                            0.9016273671062089,
                            0.495662701049508,
                            0.9094990631738961,
                            0.4960905143772585,
                            0.908379585439719,
                            0.5060758594951803,
                            0.901073520227195,
                            0.505638943756201
                        ]
                    ]
                }
            ]
        }
    ],
    "labelingState": 2
}