{
    "$schema": "https://schema.cognitiveservices.azure.com/formrecognizer/2021-03-01/labels.json",
    "document": "fw9_1.pdf",
    "labels": [
        {
            "label": "Name",
            "key": null,
            "value": [
                {
                    "page": 1,
                    "text": "John",
                    "boundingBoxes": [
                        [
                            0.10062337233829438,
                            0.12282793712054323,
                            0.13266400348805693,
                            0.12326485285952249,
                            0.13266400348805693,
                            0.13325019797744422,
                            0.10005774148313124,
                            0.13367801130519474
                        ]
                    ]
                },
                {
                    "page": 1,
                    "text": "Doe",
                    "boundingBoxes": [
                        [
                            0.13658806754575128,
                            0.12326485285952249,
                            0.16582411237199654,
                            0.12326485285952249,
                            0.16582411237199654,
                            0.13325019797744422,
                            0.13658806754575128,
                            0.13325019797744422
                        ]
                    ]
                }
            ]
        },
        {
            "label": "BusinessName",
            "key": null,
            "value": [
                {
                    "page": 1,
                    "text": "Arctex",
                    "boundingBoxes": [
                        [
                            0.10062337233829438,
                            0.15321178580205896,
                            0.14390591673442452,
                            0.15321178580205896,
                            0.14390591673442452,
                            0.16362494424773122,
                            0.10005774148313124,
                            0.16362494424773122
                        ]
                    ]
                },
                {
                    "page": 1,
                    "text": "Inc.",
                    "boundingBoxes": [
                        [
                            0.1478417647682681,
                            0.15321178580205896,
                            0.17538091702902392,
                            0.15321178580205896,
                            0.17538091702902392,
                            0.16406185998671047,
                            0.1478417647682681,
                            0.16362494424773122
                        ]
                    ]
                }
            ]
        },
        {
            "label": "TaxClassifyIndividual",
            "key": null,
            "value": [
                {
                    "page": 1,
                    "text": "unselected",
                    "boundingBoxes": [
                        [
                            0.10769375802783375,
                            0.20041689043427602,
                            0.12078575552963079,
                            0.20041689043427602,
                            0.12078575552963079,
                            0.21052966930940004,
                            0.10769375802783375,
                            0.21052966930940004
                        ]
                    ]
                }
            ]
        },
        {
            "label": "TaxClassifyCCorp",
            "key": null,
            "value": [
                {
                    "page": 1,
                    "text": "unselected",
                    "boundingBoxes": [
                        [
                            0.29459940373080684,
                            0.19852358889869925,
                            0.3076914012326039,
                            0.19852358889869925,
                            0.3076914012326039,
                            0.20863636777382327,
                            0.29459940373080684,
                            0.20863636777382327
                        ]
                    ]
                }
            ]
        },
        {
            "label": "TaxClassifySCorp",
            "key": null,
            "value": [
                {
                    "page": 1,
                    "text": "unselected",
                    "boundingBoxes": [
                        [
                            0.41243916522312957,
                            0.19852358889869925,
                            0.42553116272492664,
                            0.19852358889869925,
                            0.42553116272492664,
                            0.20863636777382327,
                            0.41243916522312957,
                            0.20863636777382327
                        ]
                    ]
                }
            ]
        },
        {
            "label": "TaxClassifyPartnership",
            "key": null,
            "value": [
                {
                    "page": 1,
                    "text": "unselected",
                    "boundingBoxes": [
                        [
                            0.5302789267154523,
                            0.19852358889869925,
                            0.5433709242172494,
                            0.19852358889869925,
                            0.5433709242172494,
                            0.20863636777382327,
                            0.5302789267154523,
                            0.20863636777382327
                        ]
                    ]
                }
            ]
        },
        {
            "label": "TaxClassifyTrust",
            "key": null,
            "value": [
                {
                    "page": 1,
                    "text": "unselected",
                    "boundingBoxes": [
                        [
                            0.6481186882077751,
                            0.19852358889869925,
                            0.6612106857095721,
                            0.19852358889869925,
                            0.6612106857095721,
                            0.20863636777382327,
                            0.6481186882077751,
                            0.20863636777382327
                        ]
                    ]
                }
            ]
        },
        {
            "label": "TaxClassifyLLC",
            "key": null,
            "value": [
                {
                    "page": 1,
                    "text": "selected",
                    "boundingBoxes": [
                        [
                            0.10769375802783375,
                            0.23076432947087683,
                            0.12078575552963079,
                            0.23076432947087683,
                            0.12078575552963079,
                            0.24087710834600085,
                            0.10769375802783375,
                            0.24087710834600085
                        ]
                    ]
                }
            ]
        },
        {
            "label": "TaxClassifyOther",
            "key": null,
            "value": [
                {
                    "page": 1,
                    "text": "unselected",
                    "boundingBoxes": [
                        [
                            0.10769375802783375,
                            0.29017576756082686,
                            0.12078575552963079,
                            0.29017576756082686,
                            0.12078575552963079,
                            0.3002885464359509,
                            0.10769375802783375,
                            0.3002885464359509
                        ]
                    ]
                }
            ]
        },
        {
            "label": "ExemptPayeeCode",
            "key": null,
            "value": [
                {
                    "page": 1,
                    "text": "5",
                    "boundingBoxes": [
                        [
                            0.908933432318733,
                            0.21528112797079946,
                            0.9162512815074062,
                            0.21528112797079946,
                            0.9162512815074062,
                            0.22525737067749246,
                            0.908933432318733,
                            0.22525737067749246
                        ]
                    ]
                }
            ]
        },
        {
            "label": "FATCA_Code",
            "key": null,
            "value": [
                {
                    "page": 1,
                    "text": "A",
                    "boundingBoxes": [
                        [
                            0.8768928011689704,
                            0.2608477985818443,
                            0.8836450195024805,
                            0.2608477985818443,
                            0.8836450195024805,
                            0.2699684146330363,
                            0.8768928011689704,
                            0.2699684146330363
                        ]
                    ]
                }
            ]
        },
        {
            "label": "Address",
            "key": null,
            "value": [
                {
                    "page": 1,
                    "text": "100",
                    "boundingBoxes": [
                        [
                            0.09949211062796809,
                            0.3198769354001875,
                            0.12197593712070325,
                            0.319449122072437,
                            0.12197593712070325,
                            0.3302991962570885,
                            0.10005774148313124,
                            0.3302991962570885
                        ]
                    ]
                },
                {
                    "page": 1,
                    "text": "Test",
                    "boundingBoxes": [
                        [
                            0.12591178515454685,
                            0.319449122072437,
                            0.15683293857013234,
                            0.319449122072437,
                            0.15683293857013234,
                            0.3302991962570885,
                            0.12591178515454685,
                            0.3302991962570885
                        ]
                    ]
                },
                {
                    "page": 1,
                    "text": "Address",
                    "boundingBoxes": [
                        [
                            0.1596375248936496,
                            0.319449122072437,
                            0.22034857001449426,
                            0.3198769354001875,
                            0.21978293915933114,
                            0.330727009584839,
                            0.1596375248936496,
                            0.3302991962570885
                        ]
                    ]
                }
            ]
        },
        {
            "label": "CityStateZip",
            "key": null,
            "value": [
                {
                    "page": 1,
                    "text": "Bellevue,",
                    "boundingBoxes": [
                        [
                            0.09837263289379101,
                            0.3502607840817032,
                            0.16300774207233004,
                            0.3502607840817032,
                            0.16300774207233004,
                            0.36111085826635475,
                            0.09837263289379101,
                            0.36111085826635475
                        ]
                    ]
                },
                {
                    "page": 1,
                    "text": "WA,",
                    "boundingBoxes": [
                        [
                            0.16582411237199654,
                            0.3502607840817032,
                            0.19729911266659594,
                            0.34982386834272394,
                            0.19729911266659594,
                            0.36111085826635475,
                            0.16582411237199654,
                            0.36111085826635475
                        ]
                    ]
                },
                {
                    "page": 1,
                    "text": "98005",
                    "boundingBoxes": [
                        [
                            0.19954985211109932,
                            0.34982386834272394,
                            0.2400278101837122,
                            0.34939605501497345,
                            0.2400278101837122,
                            0.36111085826635475,
                            0.20011548296626247,
                            0.36111085826635475
                        ]
                    ]
                }
            ]
        },
        {
            "label": "RequesterNameAddress",
            "key": null,
            "value": [
                {
                    "page": 1,
                    "text": "Jamie",
                    "boundingBoxes": [
                        [
                            0.640246992140088,
                            0.3216154959448758,
                            0.6807249502127007,
                            0.32205241168385507,
                            0.6807249502127007,
                            0.332028654390548,
                            0.640246992140088,
                            0.332028654390548
                        ]
                    ]
                },
                {
                    "page": 1,
                    "text": "Doe",
                    "boundingBoxes": [
                        [
                            0.6835295365362181,
                            0.32205241168385507,
                            0.7121999505073001,
                            0.3216154959448758,
                            0.711634319652137,
                            0.332028654390548,
                            0.6835295365362181,
                            0.332028654390548
                        ]
                    ]
                }
            ]
        },
        {
            "label": "AccountNumbers",
            "key": null,
            "value": [
                {
                    "page": 1,
                    "text": "123456789123,",
                    "boundingBoxes": [
                        [
                            0.41596257409175,
                            0.38064463276321897,
                            0.5182710550193846,
                            0.38020771702423967,
                            0.5177054241642215,
                            0.3914947069478705,
                            0.4153969432365869,
                            0.3910577912088912
                        ]
                    ]
                },
                {
                    "page": 1,
                    "text": "123456789987",
                    "boundingBoxes": [
                        [
                            0.520521794463888,
                            0.38020771702423967,
                            0.6188826433815298,
                            0.38020771702423967,
                            0.6183287965025159,
                            0.3910577912088912,
                            0.520521794463888,
                            0.3914947069478705
                        ]
                    ]
                }
            ]
        },
        {
            "label": "SSN",
            "key": null,
            "value": [
                {
                    "page": 1,
                    "text": "1",
                    "boundingBoxes": [
                        [
                            0.6902817548697281,
                            0.43533191942545585,
                            0.6975878200822522,
                            0.43533191942545585,
                            0.697022189227089,
                            0.4448803488043983,
                            0.6902817548697281,
                            0.444443433065419
                        ]
                    ]
                },
                {
                    "page": 1,
                    "text": "2",
                    "boundingBoxes": [
                        [
                            0.7127655813624634,
                            0.43445808794749724,
                            0.7223223860194906,
                            0.43445808794749724,
                            0.7223223860194906,
                            0.44574507787112805,
                            0.7127655813624634,
                            0.44574507787112805
                        ]
                    ]
                },
                {
                    "page": 1,
                    "text": "3",
                    "boundingBoxes": [
                        [
                            0.7369345164445387,
                            0.43489500368647654,
                            0.7448062125122258,
                            0.43533191942545585,
                            0.7436749508018996,
                            0.4453172645433775,
                            0.7363688855893755,
                            0.4448803488043983
                        ]
                    ]
                },
                {
                    "page": 1,
                    "text": "4",
                    "boundingBoxes": [
                        [
                            0.7847067557535262,
                            0.43489500368647654,
                            0.7920246049421995,
                            0.43533191942545585,
                            0.7908933432318732,
                            0.444443433065419,
                            0.7835872780193492,
                            0.4440065173264398
                        ]
                    ]
                },
                {
                    "page": 1,
                    "text": "5",
                    "boundingBoxes": [
                        [
                            0.8077562131014246,
                            0.43445808794749724,
                            0.8156279091691118,
                            0.43489500368647654,
                            0.8145084314349347,
                            0.4453172645433775,
                            0.8066367353672476,
                            0.444443433065419
                        ]
                    ]
                },
                {
                    "page": 1,
                    "text": "6",
                    "boundingBoxes": [
                        [
                            0.8532894969420581,
                            0.43489500368647654,
                            0.8617268238649085,
                            0.43489500368647654,
                            0.8617268238649085,
                            0.4453172645433775,
                            0.8532894969420581,
                            0.4453172645433775
                        ]
                    ]
                },
                {
                    "page": 1,
                    "text": "7",
                    "boundingBoxes": [
                        [
                            0.8780240628792967,
                            0.43489500368647654,
                            0.8853301280918207,
                            0.43445808794749724,
                            0.887015236681161,
                            0.4448803488043983,
                            0.8791435406134738,
                            0.44574507787112805
                        ]
                    ]
                },
                {
                    "page": 1,
                    "text": "8",
                    "boundingBoxes": [
                        [
                            0.9005078893720319,
                            0.43445808794749724,
                            0.908379585439719,
                            0.43445808794749724,
                            0.908379585439719,
                            0.4453172645433775,
                            0.9005078893720319,
                            0.4453172645433775
                        ]
                    ]
                },
                {
                    "page": 1,
                    "text": "9",
                    "boundingBoxes": [
                        [
                            0.9246768244541073,
                            0.43533191942545585,
                            0.9325485205217945,
                            0.43533191942545585,
                            0.9325485205217945,
                            0.444443433065419,
                            0.9246768244541073,
                            0.444443433065419
                        ]
                    ]
                }
            ]
        },
        {
            "label": "EIN",
            "key": null,
            "value": [
                {
                    "page": 1,
                    "text": "1",
                    "boundingBoxes": [
                        [
                            0.6902817548697281,
                            0.4960905143772585,
                            0.697022189227089,
                            0.4960905143772585,
                            0.6964565583719258,
                            0.5047742146894711,
                            0.689716124014565,
                            0.504337298950492
                        ]
                    ]
                },
                {
                    "page": 1,
                    "text": "2",
                    "boundingBoxes": [
                        [
                            0.7127655813624634,
                            0.4965274301162378,
                            0.7195060157198242,
                            0.4960905143772585,
                            0.7200716465749872,
                            0.5047742146894711,
                            0.7133194282414772,
                            0.5052111304284505
                        ]
                    ]
                },
                {
                    "page": 1,
                    "text": "1",
                    "boundingBoxes": [
                        [
                            0.7605378206714509,
                            0.4965274301162378,
                            0.7672900390049611,
                            0.4965274301162378,
                            0.7672900390049611,
                            0.505638943756201,
                            0.759983973792437,
                            0.5052111304284505
                        ]
                    ]
                },
                {
                    "page": 1,
                    "text": "2",
                    "boundingBoxes": [
                        [
                            0.7835872780193492,
                            0.4965274301162378,
                            0.7903277123767102,
                            0.4960905143772585,
                            0.7908933432318732,
                            0.5052111304284505,
                            0.7841529088745124,
                            0.505638943756201
                        ]
                    ]
                },
                {
                    "page": 1,
                    "text": "3",
                    "boundingBoxes": [
                        [
                            0.8077562131014246,
                            0.4960905143772585,
                            0.8145084314349347,
                            0.4960905143772585,
                            0.8145084314349347,
                            0.505638943756201,
                            0.8077562131014246,
                            0.505638943756201
                        ]
                    ]
                },
                {
                    "page": 1,
                    "text": "4",
                    "boundingBoxes": [
                        [
                            0.8313713013044861,
                            0.495662701049508,
                            0.838111735661847,
                            0.4960905143772585,
                            0.8364266270725067,
                            0.5052111304284505,
                            0.8302400395941598,
                            0.504337298950492
                        ]
                    ]
                },
                {
                    "page": 1,
                    "text": "5",
                    "boundingBoxes": [
                        [
                            0.8544089746762352,
                            0.495662701049508,
                            0.8617268238649085,
                            0.495662701049508,
                            0.8617268238649085,
                            0.505638943756201,
                            0.8544089746762352,
                            0.505638943756201
                        ]
                    ]
                },
                {
                    "page": 1,
                    "text": "6",
                    "boundingBoxes": [
                        [
                            0.8763389542899565,
                            0.495662701049508,
                            0.8842106503576436,
                            0.495662701049508,
                            0.8847644972366576,
                            0.5060758594951803,
                            0.8768928011689704,
                            0.5060758594951803
                        ]
                    ]
                },
                {
                    "page": 1,
                    "text": "7",
                    "boundingBoxes": [
                        [
                            0.901073520227195,
                            0.49522578531052874,
                            0.908933432318733,
                            0.49522578531052874,
                            0.908933432318733,
                            0.505638943756201,
                            0.901073520227195,
                            0.505638943756201
                        ]
                    ]
                }
            ]
        }
    ],
    "labelingState": 2
}