{
    "$schema": "https://schema.cognitiveservices.azure.com/formrecognizer/2021-03-01/labels.json",
    "document": "fw9_4.pdf",
    "labels": [
        {
            "label": "Name",
            "key": null,
            "value": [
                {
                    "page": 1,
                    "text": "William",
                    "boundingBoxes": [
                        [
                            0.10062337233829438,
                            0.12282793712054323,
                            0.14502539446860158,
                            0.12282793712054323,
                            0.14502539446860158,
                            0.13325019797744422,
                            0.10005774148313124,
                            0.13325019797744422
                        ]
                    ]
                },
                {
                    "page": 1,
                    "text": "Lee",
                    "boundingBoxes": [
                        [
                            0.1534627213914519,
                            0.12326485285952249,
                            0.17988239591803065,
                            0.12282793712054323,
                            0.17988239591803065,
                            0.13325019797744422,
                            0.1534627213914519,
                            0.13325019797744422
                        ]
                    ]
                }
            ]
        },
        {
            "label": "BusinessName",
            "key": null,
            "value": [
                {
                    "page": 1,
                    "text": "Lee",
                    "boundingBoxes": [
                        [
                            0.10005774148313124,
                            0.15321178580205896,
                            0.1236610457100435,
                            0.15321178580205896,
                            0.1236610457100435,
                            0.16406185998671047,
                            0.10005774148313124,
                            0.16406185998671047
                        ]
                    ]
                },
                {
                    "page": 1,
                    "text": "&",
                    "boundingBoxes": [
                        [
                            0.12704304686487314,
                            0.15321178580205896,
                            0.13658806754575128,
                            0.15321178580205896,
                            0.13658806754575128,
                            0.16406185998671047,
                            0.12704304686487314,
                            0.16406185998671047
                        ]
                    ]
                },
                {
                    "page": 1,
                    "text": "Kim",
                    "boundingBoxes": [
                        [
                            0.14220902416893508,
                            0.15321178580205896,
                            0.16694359010617363,
                            0.1527748700630797,
                            0.16694359010617363,
                            0.16362494424773122,
                            0.14220902416893508,
                            0.16362494424773122
                        ]
                    ]
                }
            ]
        },
        {
            "label": "TaxClassifyIndividual",
            "key": null,
            "value": [
                {
                    "page": 1,
                    "text": "unselected",
                    "boundingBoxes": [
                        [
                            0.10769375802783375,
                            0.20041689043427602,
                            0.12078575552963079,
                            0.20041689043427602,
                            0.12078575552963079,
                            0.21052966930940004,
                            0.10769375802783375,
                            0.21052966930940004
                        ]
                    ]
                }
            ]
        },
        {
            "label": "TaxClassifyCCorp",
            "key": null,
            "value": [
                {
                    "page": 1,
                    "text": "unselected",
                    "boundingBoxes": [
                        [
                            0.29459940373080684,
                            0.19852358889869925,
                            0.3076914012326039,
                            0.19852358889869925,
                            0.3076914012326039,
                            0.20863636777382327,
                            0.29459940373080684,
                            0.20863636777382327
                        ]
                    ]
                }
            ]
        },
        {
            "label": "TaxClassifySCorp",
            "key": null,
            "value": [
                {
                    "page": 1,
                    "text": "unselected",
                    "boundingBoxes": [
                        [
                            0.41243916522312957,
                            0.19852358889869925,
                            0.42553116272492664,
                            0.19852358889869925,
                            0.42553116272492664,
                            0.20863636777382327,
                            0.41243916522312957,
                            0.20863636777382327
                        ]
                    ]
                }
            ]
        },
        {
            "label": "TaxClassifyPartnership",
            "key": null,
            "value": [
                {
                    "page": 1,
                    "text": "selected",
                    "boundingBoxes": [
                        [
                            0.5302789267154523,
                            0.19852358889869925,
                            0.5433709242172494,
                            0.19852358889869925,
                            0.5433709242172494,
                            0.20863636777382327,
                            0.5302789267154523,
                            0.20863636777382327
                        ]
                    ]
                }
            ]
        },
        {
            "label": "TaxClassifyTrust",
            "key": null,
            "value": [
                {
                    "page": 1,
                    "text": "unselected",
                    "boundingBoxes": [
                        [
                            0.6481186882077751,
                            0.19852358889869925,
                            0.6612106857095721,
                            0.19852358889869925,
                            0.6612106857095721,
                            0.20863636777382327,
                            0.6481186882077751,
                            0.20863636777382327
                        ]
                    ]
                }
            ]
        },
        {
            "label": "TaxClassifyLLC",
            "key": null,
            "value": [
                {
                    "page": 1,
                    "text": "unselected",
                    "boundingBoxes": [
                        [
                            0.10769375802783375,
                            0.23076432947087683,
                            0.12078575552963079,
                            0.23076432947087683,
                            0.12078575552963079,
                            0.24087710834600085,
                            0.10769375802783375,
                            0.24087710834600085
                        ]
                    ]
                }
            ]
        },
        {
            "label": "TaxClassifyOther",
            "key": null,
            "value": [
                {
                    "page": 1,
                    "text": "unselected",
                    "boundingBoxes": [
                        [
                            0.10769375802783375,
                            0.29017576756082686,
                            0.12078575552963079,
                            0.29017576756082686,
                            0.12078575552963079,
                            0.3002885464359509,
                            0.10769375802783375,
                            0.3002885464359509
                        ]
                    ]
                }
            ]
        },
        {
            "label": "ExemptPayeeCode",
            "key": null,
            "value": [
                {
                    "page": 1,
                    "text": "6",
                    "boundingBoxes": [
                        [
                            0.908379585439719,
                            0.21528112797079946,
                            0.9151200197970798,
                            0.21528112797079946,
                            0.9151200197970798,
                            0.22439264161076267,
                            0.908379585439719,
                            0.22439264161076267
                        ]
                    ]
                }
            ]
        },
        {
            "label": "FATCA_Code",
            "key": null,
            "value": [
                {
                    "page": 1,
                    "text": "F",
                    "boundingBoxes": [
                        [
                            0.8774584320241335,
                            0.2608477985818443,
                            0.8853301280918207,
                            0.2608477985818443,
                            0.8847644972366576,
                            0.27039622796078683,
                            0.8774584320241335,
                            0.2699684146330363
                        ]
                    ]
                }
            ]
        },
        {
            "label": "Address",
            "key": null,
            "value": [
                {
                    "page": 1,
                    "text": "68",
                    "boundingBoxes": [
                        [
                            0.09892647977280494,
                            0.3198769354001875,
                            0.11410424105301611,
                            0.3198769354001875,
                            0.11410424105301611,
                            0.330727009584839,
                            0.09892647977280494,
                            0.330727009584839
                        ]
                    ]
                },
                {
                    "page": 1,
                    "text": "Fremont",
                    "boundingBoxes": [
                        [
                            0.11692061135268261,
                            0.3198769354001875,
                            0.17706602561836413,
                            0.3198769354001875,
                            0.17706602561836413,
                            0.330727009584839,
                            0.11692061135268261,
                            0.330727009584839
                        ]
                    ]
                },
                {
                    "page": 1,
                    "text": "Lane",
                    "boundingBoxes": [
                        [
                            0.17988239591803065,
                            0.3198769354001875,
                            0.21584709112548756,
                            0.319449122072437,
                            0.21584709112548756,
                            0.330727009584839,
                            0.17988239591803065,
                            0.330727009584839
                        ]
                    ]
                }
            ]
        },
        {
            "label": "CityStateZip",
            "key": null,
            "value": [
                {
                    "page": 1,
                    "text": "Delaware,",
                    "boundingBoxes": [
                        [
                            0.09892647977280494,
                            0.3502607840817032,
                            0.1663897432271597,
                            0.3502607840817032,
                            0.1663897432271597,
                            0.36111085826635475,
                            0.09837263289379101,
                            0.36111085826635475
                        ]
                    ]
                },
                {
                    "page": 1,
                    "text": "OH",
                    "boundingBoxes": [
                        [
                            0.16919432955067698,
                            0.3502607840817032,
                            0.1894274165989088,
                            0.3502607840817032,
                            0.1894274165989088,
                            0.36111085826635475,
                            0.16919432955067698,
                            0.36111085826635475
                        ]
                    ]
                },
                {
                    "page": 1,
                    "text": "43015",
                    "boundingBoxes": [
                        [
                            0.19617963493241888,
                            0.34982386834272394,
                            0.23664580902888252,
                            0.34982386834272394,
                            0.23664580902888252,
                            0.36111085826635475,
                            0.19617963493241888,
                            0.36111085826635475
                        ]
                    ]
                }
            ]
        },
        {
            "label": "RequesterNameAddress",
            "key": null,
            "value": [
                {
                    "page": 1,
                    "text": "Maybeline",
                    "boundingBoxes": [
                        [
                            0.6385618835507476,
                            0.3216154959448758,
                            0.7093835802076336,
                            0.3216154959448758,
                            0.7093835802076336,
                            0.3337672149352363,
                            0.6391275144059109,
                            0.3337672149352363
                        ]
                    ]
                },
                {
                    "page": 1,
                    "text": "Hartworth",
                    "boundingBoxes": [
                        [
                            0.7121999505073001,
                            0.3216154959448758,
                            0.7835872780193492,
                            0.32117858020589657,
                            0.7835872780193492,
                            0.33246557012952727,
                            0.7121999505073001,
                            0.3337672149352363
                        ]
                    ]
                }
            ]
        },
        {
            "label": "AccountNumbers",
            "key": null,
            "value": [
                {
                    "page": 1,
                    "text": "12489054,",
                    "boundingBoxes": [
                        [
                            0.4480032052415126,
                            0.38064463276321897,
                            0.5182710550193846,
                            0.38064463276321897,
                            0.5182710550193846,
                            0.3910577912088912,
                            0.4480032052415126,
                            0.3914947069478705
                        ]
                    ]
                },
                {
                    "page": 1,
                    "text": "30497523",
                    "boundingBoxes": [
                        [
                            0.5210756413429019,
                            0.38064463276321897,
                            0.5868420122317672,
                            0.38020771702423967,
                            0.5862881653527533,
                            0.3914947069478705,
                            0.5210756413429019,
                            0.3910577912088912
                        ]
                    ]
                }
            ]
        },
        {
            "label": "SSN",
            "key": null,
            "value": [
                {
                    "page": 1,
                    "text": "9",
                    "boundingBoxes": [
                        [
                            0.689716124014565,
                            0.43533191942545585,
                            0.6975878200822522,
                            0.43533191942545585,
                            0.697022189227089,
                            0.4448803488043983,
                            0.689716124014565,
                            0.444443433065419
                        ]
                    ]
                },
                {
                    "page": 1,
                    "text": "0",
                    "boundingBoxes": [
                        [
                            0.711634319652137,
                            0.43489500368647654,
                            0.7189403848646609,
                            0.43489500368647654,
                            0.7189403848646609,
                            0.4448803488043983,
                            0.711634319652137,
                            0.4448803488043983
                        ]
                    ]
                },
                {
                    "page": 1,
                    "text": "8",
                    "boundingBoxes": [
                        [
                            0.7363688855893755,
                            0.43489500368647654,
                            0.7442405816570626,
                            0.43489500368647654,
                            0.7436749508018996,
                            0.4448803488043983,
                            0.7363688855893755,
                            0.444443433065419
                        ]
                    ]
                },
                {
                    "page": 1,
                    "text": "3",
                    "boundingBoxes": [
                        [
                            0.7847067557535262,
                            0.43445808794749724,
                            0.7931440826763766,
                            0.43489500368647654,
                            0.7920246049421995,
                            0.44574507787112805,
                            0.7841529088745124,
                            0.4453172645433775
                        ]
                    ]
                },
                {
                    "page": 1,
                    "text": "4",
                    "boundingBoxes": [
                        [
                            0.8071905822462615,
                            0.43445808794749724,
                            0.8145084314349347,
                            0.43489500368647654,
                            0.8133771697246085,
                            0.444443433065419,
                            0.8060711045120844,
                            0.4440065173264398
                        ]
                    ]
                },
                {
                    "page": 1,
                    "text": "3",
                    "boundingBoxes": [
                        [
                            0.8549746055313984,
                            0.43489500368647654,
                            0.8628463015990855,
                            0.43489500368647654,
                            0.8628463015990855,
                            0.4453172645433775,
                            0.8549746055313984,
                            0.4453172645433775
                        ]
                    ]
                },
                {
                    "page": 1,
                    "text": "4",
                    "boundingBoxes": [
                        [
                            0.8774584320241335,
                            0.43403027461974675,
                            0.8864496058259977,
                            0.43403027461974675,
                            0.8858957589469839,
                            0.4448803488043983,
                            0.8768928011689704,
                            0.444443433065419
                        ]
                    ]
                },
                {
                    "page": 1,
                    "text": "5",
                    "boundingBoxes": [
                        [
                            0.901073520227195,
                            0.43445808794749724,
                            0.9094990631738961,
                            0.43445808794749724,
                            0.9094990631738961,
                            0.4453172645433775,
                            0.901073520227195,
                            0.4453172645433775
                        ]
                    ]
                },
                {
                    "page": 1,
                    "text": "6",
                    "boundingBoxes": [
                        [
                            0.9246768244541073,
                            0.43533191942545585,
                            0.9314290427876174,
                            0.43533191942545585,
                            0.9319828896666312,
                            0.4440065173264398,
                            0.9246768244541073,
                            0.444443433065419
                        ]
                    ]
                }
            ]
        },
        {
            "label": "EIN",
            "key": null,
            "value": [
                {
                    "page": 1,
                    "text": "1",
                    "boundingBoxes": [
                        [
                            0.6902817548697281,
                            0.4960905143772585,
                            0.697022189227089,
                            0.4960905143772585,
                            0.6964565583719258,
                            0.5047742146894711,
                            0.689716124014565,
                            0.504337298950492
                        ]
                    ]
                },
                {
                    "page": 1,
                    "text": "2",
                    "boundingBoxes": [
                        [
                            0.7127655813624634,
                            0.4965274301162378,
                            0.7195060157198242,
                            0.4960905143772585,
                            0.7200716465749872,
                            0.5047742146894711,
                            0.7133194282414772,
                            0.5052111304284505
                        ]
                    ]
                },
                {
                    "page": 1,
                    "text": "8",
                    "boundingBoxes": [
                        [
                            0.759983973792437,
                            0.4960905143772585,
                            0.7684095167391382,
                            0.4960905143772585,
                            0.7678438858839749,
                            0.5060758594951803,
                            0.759983973792437,
                            0.505638943756201
                        ]
                    ]
                },
                {
                    "page": 1,
                    "text": "3",
                    "boundingBoxes": [
                        [
                            0.7847067557535262,
                            0.495662701049508,
                            0.7914589740870365,
                            0.495662701049508,
                            0.7914589740870365,
                            0.5052111304284505,
                            0.7847067557535262,
                            0.5052111304284505
                        ]
                    ]
                },
                {
                    "page": 1,
                    "text": "4",
                    "boundingBoxes": [
                        [
                            0.8066367353672476,
                            0.4960905143772585,
                            0.8139428005797715,
                            0.4965274301162378,
                            0.8133771697246085,
                            0.505638943756201,
                            0.8060711045120844,
                            0.5052111304284505
                        ]
                    ]
                },
                {
                    "page": 1,
                    "text": "5",
                    "boundingBoxes": [
                        [
                            0.8313713013044861,
                            0.495662701049508,
                            0.8386773665170101,
                            0.495662701049508,
                            0.8386773665170101,
                            0.5060758594951803,
                            0.8313713013044861,
                            0.5060758594951803
                        ]
                    ]
                },
                {
                    "page": 1,
                    "text": "6",
                    "boundingBoxes": [
                        [
                            0.8549746055313984,
                            0.4960905143772585,
                            0.8611611930097454,
                            0.495662701049508,
                            0.8622806707439223,
                            0.5047742146894711,
                            0.8549746055313984,
                            0.505638943756201
                        ]
                    ]
                },
                {
                    "page": 1,
                    "text": "2",
                    "boundingBoxes": [
                        [
                            0.8774584320241335,
                            0.495662701049508,
                            0.8853301280918207,
                            0.495662701049508,
                            0.8853301280918207,
                            0.5060758594951803,
                            0.8774584320241335,
                            0.5060758594951803
                        ]
                    ]
                },
                {
                    "page": 1,
                    "text": "3",
                    "boundingBoxes": [
                        [
                            0.9016273671062089,
                            0.495662701049508,
                            0.9094990631738961,
                            0.4960905143772585,
                            0.908379585439719,
                            0.5060758594951803,
                            0.901073520227195,
                            0.505638943756201
                        ]
                    ]
                }
            ]
        }
    ],
    "labelingState": 2
}