{
    "$schema": "https://schema.cognitiveservices.azure.com/formrecognizer/2021-03-01/labels.json",
    "document": "fw9_6.pdf",
    "labels": [
        {
            "label": "Name",
            "key": null,
            "value": [
                {
                    "page": 1,
                    "text": "Gabriel",
                    "boundingBoxes": [
                        [
                            0.10062337233829438,
                            0.12282793712054323,
                            0.15064635109178537,
                            0.12282793712054323,
                            0.15008072023662225,
                            0.13325019797744422,
                            0.10062337233829438,
                            0.13367801130519474
                        ]
                    ]
                },
                {
                    "page": 1,
                    "text": "Jesus",
                    "boundingBoxes": [
                        [
                            0.1534627213914519,
                            0.12282793712054323,
                            0.19674526578758203,
                            0.12326485285952249,
                            0.19674526578758203,
                            0.13325019797744422,
                            0.15289709053628875,
                            0.13325019797744422
                        ]
                    ]
                }
            ]
        },
        {
            "label": "BusinessName",
            "key": null,
            "value": [
                {
                    "page": 1,
                    "text": "Gabby",
                    "boundingBoxes": [
                        [
                            0.10062337233829438,
                            0.1527748700630797,
                            0.14502539446860158,
                            0.15321178580205896,
                            0.14502539446860158,
                            0.16580042053139876,
                            0.10062337233829438,
                            0.16492658905344026
                        ]
                    ]
                },
                {
                    "page": 1,
                    "text": "&",
                    "boundingBoxes": [
                        [
                            0.14839561164728202,
                            0.15321178580205896,
                            0.15851804715947254,
                            0.15321178580205896,
                            0.1579524163043094,
                            0.1653635047924195,
                            0.14839561164728202,
                            0.16580042053139876
                        ]
                    ]
                },
                {
                    "page": 1,
                    "text": "Co",
                    "boundingBoxes": [
                        [
                            0.16245389519331613,
                            0.15321178580205896,
                            0.18268698224154795,
                            0.15321178580205896,
                            0.18268698224154795,
                            0.16449877572568972,
                            0.16245389519331613,
                            0.1653635047924195
                        ]
                    ]
                }
            ]
        },
        {
            "label": "TaxClassifyIndividual",
            "key": null,
            "value": [
                {
                    "page": 1,
                    "text": "unselected",
                    "boundingBoxes": [
                        [
                            0.10769375802783375,
                            0.20041689043427602,
                            0.12078575552963079,
                            0.20041689043427602,
                            0.12078575552963079,
                            0.21052966930940004,
                            0.10769375802783375,
                            0.21052966930940004
                        ]
                    ]
                }
            ]
        },
        {
            "label": "TaxClassifyCCorp",
            "key": null,
            "value": [
                {
                    "page": 1,
                    "text": "unselected",
                    "boundingBoxes": [
                        [
                            0.29459940373080684,
                            0.19852358889869925,
                            0.3076914012326039,
                            0.19852358889869925,
                            0.3076914012326039,
                            0.20863636777382327,
                            0.29459940373080684,
                            0.20863636777382327
                        ]
                    ]
                }
            ]
        },
        {
            "label": "TaxClassifySCorp",
            "key": null,
            "value": [
                {
                    "page": 1,
                    "text": "unselected",
                    "boundingBoxes": [
                        [
                            0.41243916522312957,
                            0.19852358889869925,
                            0.42553116272492664,
                            0.19852358889869925,
                            0.42553116272492664,
                            0.20863636777382327,
                            0.41243916522312957,
                            0.20863636777382327
                        ]
                    ]
                }
            ]
        },
        {
            "label": "TaxClassifyPartnership",
            "key": null,
            "value": [
                {
                    "page": 1,
                    "text": "unselected",
                    "boundingBoxes": [
                        [
                            0.5302789267154523,
                            0.19852358889869925,
                            0.5433709242172494,
                            0.19852358889869925,
                            0.5433709242172494,
                            0.20863636777382327,
                            0.5302789267154523,
                            0.20863636777382327
                        ]
                    ]
                }
            ]
        },
        {
            "label": "TaxClassifyTrust",
            "key": null,
            "value": [
                {
                    "page": 1,
                    "text": "unselected",
                    "boundingBoxes": [
                        [
                            0.6481186882077751,
                            0.19852358889869925,
                            0.6612106857095721,
                            0.19852358889869925,
                            0.6612106857095721,
                            0.20863636777382327,
                            0.6481186882077751,
                            0.20863636777382327
                        ]
                    ]
                }
            ]
        },
        {
            "label": "TaxClassifyLLC",
            "key": null,
            "value": [
                {
                    "page": 1,
                    "text": "selected",
                    "boundingBoxes": [
                        [
                            0.10769375802783375,
                            0.23076432947087683,
                            0.12078575552963079,
                            0.23076432947087683,
                            0.12078575552963079,
                            0.24087710834600085,
                            0.10769375802783375,
                            0.24087710834600085
                        ]
                    ]
                }
            ]
        },
        {
            "label": "LLC_Classification",
            "key": null,
            "value": [
                {
                    "page": 1,
                    "text": "C",
                    "boundingBoxes": [
                        [
                            0.6959027114929119,
                            0.23003613657257807,
                            0.7032087767054359,
                            0.23003613657257807,
                            0.7037626235844499,
                            0.24002148169049978,
                            0.6959027114929119,
                            0.24044929501825033
                        ]
                    ]
                }
            ]
        },
        {
            "label": "TaxClassifyOther",
            "key": null,
            "value": [
                {
                    "page": 1,
                    "text": "unselected",
                    "boundingBoxes": [
                        [
                            0.10769375802783375,
                            0.29017576756082686,
                            0.12078575552963079,
                            0.29017576756082686,
                            0.12078575552963079,
                            0.3002885464359509,
                            0.10769375802783375,
                            0.3002885464359509
                        ]
                    ]
                }
            ]
        },
        {
            "label": "ExemptPayeeCode",
            "key": null,
            "value": [
                {
                    "page": 1,
                    "text": "1",
                    "boundingBoxes": [
                        [
                            0.908933432318733,
                            0.2148442122318202,
                            0.9168051283864201,
                            0.2148442122318202,
                            0.9168051283864201,
                            0.22482955734974194,
                            0.908933432318733,
                            0.22482955734974194
                        ]
                    ]
                }
            ]
        },
        {
            "label": "FATCA_Code",
            "key": null,
            "value": [
                {
                    "page": 1,
                    "text": "A",
                    "boundingBoxes": [
                        [
                            0.8768928011689704,
                            0.2608477985818443,
                            0.8836450195024805,
                            0.2608477985818443,
                            0.8836450195024805,
                            0.2699684146330363,
                            0.8768928011689704,
                            0.2699684146330363
                        ]
                    ]
                }
            ]
        },
        {
            "label": "Address",
            "key": null,
            "value": [
                {
                    "page": 1,
                    "text": "9136",
                    "boundingBoxes": [
                        [
                            0.09949211062796809,
                            0.3198769354001875,
                            0.12928200233322726,
                            0.3198769354001875,
                            0.12928200233322726,
                            0.3302991962570885,
                            0.09949211062796809,
                            0.3302991962570885
                        ]
                    ]
                },
                {
                    "page": 1,
                    "text": "N.",
                    "boundingBoxes": [
                        [
                            0.13209837263289378,
                            0.3198769354001875,
                            0.14896124250244516,
                            0.3198769354001875,
                            0.1495268733576083,
                            0.3302991962570885,
                            0.13209837263289378,
                            0.3302991962570885
                        ]
                    ]
                },
                {
                    "page": 1,
                    "text": "Bradford",
                    "boundingBoxes": [
                        [
                            0.15176582882596246,
                            0.3198769354001875,
                            0.21416198253614732,
                            0.319449122072437,
                            0.21416198253614732,
                            0.330727009584839,
                            0.15176582882596246,
                            0.3302991962570885
                        ]
                    ]
                },
                {
                    "page": 1,
                    "text": "Dr.",
                    "boundingBoxes": [
                        [
                            0.2180978305699909,
                            0.319449122072437,
                            0.2417129187730524,
                            0.319449122072437,
                            0.2417129187730524,
                            0.330727009584839,
                            0.2180978305699909,
                            0.330727009584839
                        ]
                    ]
                }
            ]
        },
        {
            "label": "CityStateZip",
            "key": null,
            "value": [
                {
                    "page": 1,
                    "text": "Cookeville,",
                    "boundingBoxes": [
                        [
                            0.09949211062796809,
                            0.35069769982068244,
                            0.17706602561836413,
                            0.34982386834272394,
                            0.17650039476320098,
                            0.36111085826635475,
                            0.09892647977280494,
                            0.36111085826635475
                        ]
                    ]
                },
                {
                    "page": 1,
                    "text": "TN",
                    "boundingBoxes": [
                        [
                            0.17988239591803065,
                            0.34982386834272394,
                            0.19561400407725574,
                            0.34982386834272394,
                            0.1950483732220926,
                            0.36111085826635475,
                            0.1793167650628675,
                            0.36111085826635475
                        ]
                    ]
                },
                {
                    "page": 1,
                    "text": "38501",
                    "boundingBoxes": [
                        [
                            0.20405133100010606,
                            0.34982386834272394,
                            0.2445175050965697,
                            0.34982386834272394,
                            0.2445175050965697,
                            0.36111085826635475,
                            0.20348570014494288,
                            0.36111085826635475
                        ]
                    ]
                }
            ]
        },
        {
            "label": "RequesterNameAddress",
            "key": null,
            "value": [
                {
                    "page": 1,
                    "text": "Pepper",
                    "boundingBoxes": [
                        [
                            0.6391275144059109,
                            0.32205241168385507,
                            0.6891504931594018,
                            0.3216154959448758,
                            0.6885848623042387,
                            0.3342041306742156,
                            0.6385618835507476,
                            0.33333029919625706
                        ]
                    ]
                },
                {
                    "page": 1,
                    "text": "Hyden",
                    "boundingBoxes": [
                        [
                            0.6919668634590683,
                            0.3216154959448758,
                            0.7374883633235526,
                            0.3216154959448758,
                            0.7374883633235526,
                            0.33290248586850657,
                            0.6914012326039052,
                            0.3342041306742156
                        ]
                    ]
                }
            ]
        },
        {
            "label": "AccountNumbers",
            "key": null,
            "value": [
                {
                    "page": 1,
                    "text": "123352462",
                    "boundingBoxes": [
                        [
                            0.48172894498061536,
                            0.38064463276321897,
                            0.5525624256136505,
                            0.38107244609096946,
                            0.5525624256136505,
                            0.3910577912088912,
                            0.4828602066909416,
                            0.3910577912088912
                        ]
                    ]
                }
            ]
        },
        {
            "label": "SSN",
            "key": null,
            "value": [
                {
                    "page": 1,
                    "text": "2",
                    "boundingBoxes": [
                        [
                            0.6885848623042387,
                            0.43489500368647654,
                            0.698141666961266,
                            0.43489500368647654,
                            0.698141666961266,
                            0.44574507787112805,
                            0.6885848623042387,
                            0.44574507787112805
                        ]
                    ]
                },
                {
                    "page": 1,
                    "text": "3",
                    "boundingBoxes": [
                        [
                            0.7133194282414772,
                            0.43445808794749724,
                            0.7217567551643276,
                            0.43445808794749724,
                            0.7217567551643276,
                            0.4453172645433775,
                            0.7133194282414772,
                            0.4453172645433775
                        ]
                    ]
                },
                {
                    "page": 1,
                    "text": "6",
                    "boundingBoxes": [
                        [
                            0.7352494078551984,
                            0.43489500368647654,
                            0.7436749508018996,
                            0.43533191942545585,
                            0.7431093199467363,
                            0.4453172645433775,
                            0.7346837770000354,
                            0.4448803488043983
                        ]
                    ]
                },
                {
                    "page": 1,
                    "text": "6",
                    "boundingBoxes": [
                        [
                            0.7830216471641861,
                            0.43533191942545585,
                            0.7914589740870365,
                            0.43533191942545585,
                            0.7914589740870365,
                            0.4453172645433775,
                            0.7830216471641861,
                            0.4453172645433775
                        ]
                    ]
                },
                {
                    "page": 1,
                    "text": "4",
                    "boundingBoxes": [
                        [
                            0.8071905822462615,
                            0.43445808794749724,
                            0.8145084314349347,
                            0.43489500368647654,
                            0.8133771697246085,
                            0.444443433065419,
                            0.8060711045120844,
                            0.4440065173264398
                        ]
                    ]
                },
                {
                    "page": 1,
                    "text": "2",
                    "boundingBoxes": [
                        [
                            0.8538551277972213,
                            0.43489500368647654,
                            0.8628463015990855,
                            0.43489500368647654,
                            0.8628463015990855,
                            0.4453172645433775,
                            0.8538551277972213,
                            0.4453172645433775
                        ]
                    ]
                },
                {
                    "page": 1,
                    "text": "8",
                    "boundingBoxes": [
                        [
                            0.8768928011689704,
                            0.43445808794749724,
                            0.8853301280918207,
                            0.43445808794749724,
                            0.8847644972366576,
                            0.4453172645433775,
                            0.8768928011689704,
                            0.4448803488043983
                        ]
                    ]
                },
                {
                    "page": 1,
                    "text": "7",
                    "boundingBoxes": [
                        [
                            0.9016273671062089,
                            0.43489500368647654,
                            0.908933432318733,
                            0.43533191942545585,
                            0.908379585439719,
                            0.4453172645433775,
                            0.9005078893720319,
                            0.4448803488043983
                        ]
                    ]
                },
                {
                    "page": 1,
                    "text": "8",
                    "boundingBoxes": [
                        [
                            0.9246768244541073,
                            0.43489500368647654,
                            0.9319828896666312,
                            0.43489500368647654,
                            0.9314290427876174,
                            0.444443433065419,
                            0.9241111935989441,
                            0.4440065173264398
                        ]
                    ]
                }
            ]
        },
        {
            "label": "EIN",
            "key": null,
            "value": [
                {
                    "page": 1,
                    "text": "7",
                    "boundingBoxes": [
                        [
                            0.689716124014565,
                            0.4960905143772585,
                            0.6964565583719258,
                            0.4960905143772585,
                            0.6964565583719258,
                            0.505638943756201,
                            0.6891504931594018,
                            0.5052111304284505
                        ]
                    ]
                },
                {
                    "page": 1,
                    "text": "4",
                    "boundingBoxes": [
                        [
                            0.7133194282414772,
                            0.4960905143772585,
                            0.7200716465749872,
                            0.4965274301162378,
                            0.7189403848646609,
                            0.5052111304284505,
                            0.7127655813624634,
                            0.5047742146894711
                        ]
                    ]
                },
                {
                    "page": 1,
                    "text": "8",
                    "boundingBoxes": [
                        [
                            0.759983973792437,
                            0.4960905143772585,
                            0.7684095167391382,
                            0.4960905143772585,
                            0.7684095167391382,
                            0.5060758594951803,
                            0.759983973792437,
                            0.5060758594951803
                        ]
                    ]
                },
                {
                    "page": 1,
                    "text": "3",
                    "boundingBoxes": [
                        [
                            0.7847067557535262,
                            0.495662701049508,
                            0.7914589740870365,
                            0.495662701049508,
                            0.7914589740870365,
                            0.5052111304284505,
                            0.7847067557535262,
                            0.5052111304284505
                        ]
                    ]
                },
                {
                    "page": 1,
                    "text": "6",
                    "boundingBoxes": [
                        [
                            0.8060711045120844,
                            0.4965274301162378,
                            0.8133771697246085,
                            0.4965274301162378,
                            0.8133771697246085,
                            0.505638943756201,
                            0.8060711045120844,
                            0.505638943756201
                        ]
                    ]
                },
                {
                    "page": 1,
                    "text": "2",
                    "boundingBoxes": [
                        [
                            0.8302400395941598,
                            0.4960905143772585,
                            0.838111735661847,
                            0.4965274301162378,
                            0.8375461048066838,
                            0.5060758594951803,
                            0.8296861927151459,
                            0.505638943756201
                        ]
                    ]
                },
                {
                    "page": 1,
                    "text": "3",
                    "boundingBoxes": [
                        [
                            0.8544089746762352,
                            0.49522578531052874,
                            0.8617268238649085,
                            0.49522578531052874,
                            0.8617268238649085,
                            0.5052111304284505,
                            0.8544089746762352,
                            0.5052111304284505
                        ]
                    ]
                },
                {
                    "page": 1,
                    "text": "4",
                    "boundingBoxes": [
                        [
                            0.8774584320241335,
                            0.495662701049508,
                            0.8853301280918207,
                            0.4960905143772585,
                            0.8847644972366576,
                            0.505638943756201,
                            0.8768928011689704,
                            0.5052111304284505
                        ]
                    ]
                },
                {
                    "page": 1,
                    "text": "1",
                    "boundingBoxes": [
                        [
                            0.9016273671062089,
                            0.49522578531052874,
                            0.908933432318733,
                            0.49522578531052874,
                            0.9100646940290592,
                            0.5060758594951803,
                            0.9021929979613721,
                            0.5065127752341595
                        ]
                    ]
                }
            ]
        }
    ],
    "labelingState": 2
}