{
    "$schema": "https://schema.cognitiveservices.azure.com/formrecognizer/2021-03-01/labels.json",
    "document": "fw9_5.pdf",
    "labels": [
        {
            "label": "Name",
            "key": null,
            "value": [
                {
                    "page": 1,
                    "text": "Tia",
                    "boundingBoxes": [
                        [
                            0.10062337233829438,
                            0.12282793712054323,
                            0.12029082853136304,
                            0.12282793712054323,
                            0.1197251976761999,
                            0.13325019797744422,
                            0.10005774148313124,
                            0.13325019797744422
                        ]
                    ]
                },
                {
                    "page": 1,
                    "text": "Dunbar",
                    "boundingBoxes": [
                        [
                            0.12310719883102955,
                            0.12282793712054323,
                            0.1781855033525412,
                            0.12326485285952249,
                            0.1776316564735273,
                            0.13325019797744422,
                            0.12254156797586642,
                            0.13325019797744422
                        ]
                    ]
                }
            ]
        },
        {
            "label": "BusinessName",
            "key": null,
            "value": [
                {
                    "page": 1,
                    "text": "Dunbar",
                    "boundingBoxes": [
                        [
                            0.09949211062796809,
                            0.15321178580205896,
                            0.15064635109178537,
                            0.1527748700630797,
                            0.15064635109178537,
                            0.16492658905344026,
                            0.09949211062796809,
                            0.16406185998671047
                        ]
                    ]
                },
                {
                    "page": 1,
                    "text": "Corporation",
                    "boundingBoxes": [
                        [
                            0.1534627213914519,
                            0.1527748700630797,
                            0.23889654847338587,
                            0.15321178580205896,
                            0.23833091761822273,
                            0.16492658905344026,
                            0.1534627213914519,
                            0.16492658905344026
                        ]
                    ]
                }
            ]
        },
        {
            "label": "TaxClassifyIndividual",
            "key": null,
            "value": [
                {
                    "page": 1,
                    "text": "unselected",
                    "boundingBoxes": [
                        [
                            0.10769375802783375,
                            0.20041689043427602,
                            0.12078575552963079,
                            0.20041689043427602,
                            0.12078575552963079,
                            0.21052966930940004,
                            0.10769375802783375,
                            0.21052966930940004
                        ]
                    ]
                }
            ]
        },
        {
            "label": "TaxClassifyCCorp",
            "key": null,
            "value": [
                {
                    "page": 1,
                    "text": "selected",
                    "boundingBoxes": [
                        [
                            0.29459940373080684,
                            0.19852358889869925,
                            0.3076914012326039,
                            0.19852358889869925,
                            0.3076914012326039,
                            0.20863636777382327,
                            0.29459940373080684,
                            0.20863636777382327
                        ]
                    ]
                }
            ]
        },
        {
            "label": "TaxClassifySCorp",
            "key": null,
            "value": [
                {
                    "page": 1,
                    "text": "unselected",
                    "boundingBoxes": [
                        [
                            0.41243916522312957,
                            0.19852358889869925,
                            0.42553116272492664,
                            0.19852358889869925,
                            0.42553116272492664,
                            0.20863636777382327,
                            0.41243916522312957,
                            0.20863636777382327
                        ]
                    ]
                }
            ]
        },
        {
            "label": "TaxClassifyPartnership",
            "key": null,
            "value": [
                {
                    "page": 1,
                    "text": "unselected",
                    "boundingBoxes": [
                        [
                            0.5302789267154523,
                            0.19852358889869925,
                            0.5433709242172494,
                            0.19852358889869925,
                            0.5433709242172494,
                            0.20863636777382327,
                            0.5302789267154523,
                            0.20863636777382327
                        ]
                    ]
                }
            ]
        },
        {
            "label": "TaxClassifyTrust",
            "key": null,
            "value": [
                {
                    "page": 1,
                    "text": "unselected",
                    "boundingBoxes": [
                        [
                            0.6481186882077751,
                            0.19852358889869925,
                            0.6612106857095721,
                            0.19852358889869925,
                            0.6612106857095721,
                            0.20863636777382327,
                            0.6481186882077751,
                            0.20863636777382327
                        ]
                    ]
                }
            ]
        },
        {
            "label": "TaxClassifyLLC",
            "key": null,
            "value": [
                {
                    "page": 1,
                    "text": "unselected",
                    "boundingBoxes": [
                        [
                            0.10769375802783375,
                            0.23076432947087683,
                            0.12078575552963079,
                            0.23076432947087683,
                            0.12078575552963079,
                            0.24087710834600085,
                            0.10769375802783375,
                            0.24087710834600085
                        ]
                    ]
                }
            ]
        },
        {
            "label": "TaxClassifyOther",
            "key": null,
            "value": [
                {
                    "page": 1,
                    "text": "unselected",
                    "boundingBoxes": [
                        [
                            0.10769375802783375,
                            0.29017576756082686,
                            0.12078575552963079,
                            0.29017576756082686,
                            0.12078575552963079,
                            0.3002885464359509,
                            0.10769375802783375,
                            0.3002885464359509
                        ]
                    ]
                }
            ]
        },
        {
            "label": "ExemptPayeeCode",
            "key": null,
            "value": [
                {
                    "page": 1,
                    "text": "3",
                    "boundingBoxes": [
                        [
                            0.9094990631738961,
                            0.2148442122318202,
                            0.9168051283864201,
                            0.2148442122318202,
                            0.9168051283864201,
                            0.22482955734974194,
                            0.9094990631738961,
                            0.22482955734974194
                        ]
                    ]
                }
            ]
        },
        {
            "label": "FATCA_Code",
            "key": null,
            "value": [
                {
                    "page": 1,
                    "text": "E",
                    "boundingBoxes": [
                        [
                            0.8774584320241335,
                            0.2604199852540938,
                            0.8847644972366576,
                            0.2604199852540938,
                            0.8853301280918207,
                            0.27039622796078683,
                            0.8774584320241335,
                            0.27039622796078683
                        ]
                    ]
                }
            ]
        },
        {
            "label": "Address",
            "key": null,
            "value": [
                {
                    "page": 1,
                    "text": "55",
                    "boundingBoxes": [
                        [
                            0.09837263289379101,
                            0.319449122072437,
                            0.11355039417400219,
                            0.319449122072437,
                            0.11410424105301611,
                            0.3302991962570885,
                            0.09837263289379101,
                            0.3302991962570885
                        ]
                    ]
                },
                {
                    "page": 1,
                    "text": "Philmont",
                    "boundingBoxes": [
                        [
                            0.11635498049751948,
                            0.319449122072437,
                            0.1821213513863848,
                            0.3198769354001875,
                            0.1821213513863848,
                            0.330727009584839,
                            0.11635498049751948,
                            0.3302991962570885
                        ]
                    ]
                },
                {
                    "page": 1,
                    "text": "Streetz",
                    "boundingBoxes": [
                        [
                            0.1849377216860513,
                            0.3198769354001875,
                            0.23552633129470543,
                            0.3198769354001875,
                            0.23552633129470543,
                            0.330727009584839,
                            0.1849377216860513,
                            0.330727009584839
                        ]
                    ]
                }
            ]
        },
        {
            "label": "CityStateZip",
            "key": null,
            "value": [
                {
                    "page": 1,
                    "text": "Woburn,",
                    "boundingBoxes": [
                        [
                            0.09892647977280494,
                            0.3502607840817032,
                            0.15683293857013234,
                            0.3502607840817032,
                            0.15683293857013234,
                            0.36111085826635475,
                            0.09892647977280494,
                            0.36111085826635475
                        ]
                    ]
                },
                {
                    "page": 1,
                    "text": "MA",
                    "boundingBoxes": [
                        [
                            0.1596375248936496,
                            0.3502607840817032,
                            0.1821213513863848,
                            0.34982386834272394,
                            0.1821213513863848,
                            0.36111085826635475,
                            0.1596375248936496,
                            0.36111085826635475
                        ]
                    ]
                },
                {
                    "page": 1,
                    "text": "01801",
                    "boundingBoxes": [
                        [
                            0.18718846113055468,
                            0.34982386834272394,
                            0.2293397438163585,
                            0.34982386834272394,
                            0.2293397438163585,
                            0.36111085826635475,
                            0.18718846113055468,
                            0.36111085826635475
                        ]
                    ]
                }
            ]
        },
        {
            "label": "SSN",
            "key": null,
            "value": [
                {
                    "page": 1,
                    "text": "4",
                    "boundingBoxes": [
                        [
                            0.689716124014565,
                            0.43445808794749724,
                            0.698141666961266,
                            0.43489500368647654,
                            0.6975878200822522,
                            0.4453172645433775,
                            0.6891504931594018,
                            0.4448803488043983
                        ]
                    ]
                },
                {
                    "page": 1,
                    "text": "6",
                    "boundingBoxes": [
                        [
                            0.7138850590966404,
                            0.43533191942545585,
                            0.7200716465749872,
                            0.43445808794749724,
                            0.7217567551643276,
                            0.4435787039986892,
                            0.7144506899518035,
                            0.444443433065419
                        ]
                    ]
                },
                {
                    "page": 1,
                    "text": "4",
                    "boundingBoxes": [
                        [
                            0.7363688855893755,
                            0.43489500368647654,
                            0.7436749508018996,
                            0.43533191942545585,
                            0.7431093199467363,
                            0.4448803488043983,
                            0.7358032547342125,
                            0.444443433065419
                        ]
                    ]
                },
                {
                    "page": 1,
                    "text": "4",
                    "boundingBoxes": [
                        [
                            0.7847067557535262,
                            0.43489500368647654,
                            0.7920246049421995,
                            0.43533191942545585,
                            0.7908933432318732,
                            0.444443433065419,
                            0.7835872780193492,
                            0.4440065173264398
                        ]
                    ]
                },
                {
                    "page": 1,
                    "text": "5",
                    "boundingBoxes": [
                        [
                            0.8077562131014246,
                            0.43445808794749724,
                            0.8156279091691118,
                            0.43489500368647654,
                            0.8145084314349347,
                            0.4453172645433775,
                            0.8066367353672476,
                            0.444443433065419
                        ]
                    ]
                },
                {
                    "page": 1,
                    "text": "8",
                    "boundingBoxes": [
                        [
                            0.8538551277972213,
                            0.43489500368647654,
                            0.8622806707439223,
                            0.43489500368647654,
                            0.8622806707439223,
                            0.4448803488043983,
                            0.8538551277972213,
                            0.4448803488043983
                        ]
                    ]
                },
                {
                    "page": 1,
                    "text": "6",
                    "boundingBoxes": [
                        [
                            0.8780240628792967,
                            0.43576883516443504,
                            0.8842106503576436,
                            0.43489500368647654,
                            0.8858957589469839,
                            0.444443433065419,
                            0.8785896937344598,
                            0.4453172645433775
                        ]
                    ]
                },
                {
                    "page": 1,
                    "text": "7",
                    "boundingBoxes": [
                        [
                            0.9005078893720319,
                            0.43489500368647654,
                            0.908379585439719,
                            0.43489500368647654,
                            0.908379585439719,
                            0.4453172645433775,
                            0.9005078893720319,
                            0.4453172645433775
                        ]
                    ]
                },
                {
                    "page": 1,
                    "text": "5",
                    "boundingBoxes": [
                        [
                            0.9252424553092704,
                            0.43489500368647654,
                            0.9325485205217945,
                            0.43489500368647654,
                            0.9325485205217945,
                            0.4448803488043983,
                            0.9252424553092704,
                            0.4448803488043983
                        ]
                    ]
                }
            ]
        },
        {
            "label": "EIN",
            "key": null,
            "value": [
                {
                    "page": 1,
                    "text": "3",
                    "boundingBoxes": [
                        [
                            0.6891504931594018,
                            0.495662701049508,
                            0.698141666961266,
                            0.495662701049508,
                            0.6975878200822522,
                            0.5060758594951803,
                            0.6891504931594018,
                            0.505638943756201
                        ]
                    ]
                },
                {
                    "page": 1,
                    "text": "4",
                    "boundingBoxes": [
                        [
                            0.7133194282414772,
                            0.4960905143772585,
                            0.7200716465749872,
                            0.4965274301162378,
                            0.7189403848646609,
                            0.5052111304284505,
                            0.7127655813624634,
                            0.5047742146894711
                        ]
                    ]
                },
                {
                    "page": 1,
                    "text": "2",
                    "boundingBoxes": [
                        [
                            0.7594183429372738,
                            0.4960905143772585,
                            0.7678438858839749,
                            0.4960905143772585,
                            0.7678438858839749,
                            0.5060758594951803,
                            0.7594183429372738,
                            0.5060758594951803
                        ]
                    ]
                },
                {
                    "page": 1,
                    "text": "1",
                    "boundingBoxes": [
                        [
                            0.7841529088745124,
                            0.4965274301162378,
                            0.7908933432318732,
                            0.4965274301162378,
                            0.7908933432318732,
                            0.5052111304284505,
                            0.7841529088745124,
                            0.5052111304284505
                        ]
                    ]
                },
                {
                    "page": 1,
                    "text": "3",
                    "boundingBoxes": [
                        [
                            0.8077562131014246,
                            0.4960905143772585,
                            0.8150622783139486,
                            0.4960905143772585,
                            0.8150622783139486,
                            0.505638943756201,
                            0.8077562131014246,
                            0.505638943756201
                        ]
                    ]
                },
                {
                    "page": 1,
                    "text": "5",
                    "boundingBoxes": [
                        [
                            0.830805670449323,
                            0.4960905143772585,
                            0.8375461048066838,
                            0.4960905143772585,
                            0.8375461048066838,
                            0.505638943756201,
                            0.830805670449323,
                            0.505638943756201
                        ]
                    ]
                },
                {
                    "page": 1,
                    "text": "1",
                    "boundingBoxes": [
                        [
                            0.8549746055313984,
                            0.4960905143772585,
                            0.8617268238649085,
                            0.4965274301162378,
                            0.8611611930097454,
                            0.5052111304284505,
                            0.8544089746762352,
                            0.5047742146894711
                        ]
                    ]
                },
                {
                    "page": 1,
                    "text": "6",
                    "boundingBoxes": [
                        [
                            0.8768928011689704,
                            0.4960905143772585,
                            0.8842106503576436,
                            0.495662701049508,
                            0.8847644972366576,
                            0.505638943756201,
                            0.8774584320241335,
                            0.5060758594951803
                        ]
                    ]
                },
                {
                    "page": 1,
                    "text": "3",
                    "boundingBoxes": [
                        [
                            0.9016273671062089,
                            0.495662701049508,
                            0.9094990631738961,
                            0.4960905143772585,
                            0.908379585439719,
                            0.5060758594951803,
                            0.901073520227195,
                            0.505638943756201
                        ]
                    ]
                }
            ]
        }
    ],
    "labelingState": 2
}