{
    "document": "Invoice_3.pdf",
    "labels": [
        {
            "label": "Receipt No",
            "key": null,
            "value": [
                {
                    "page": 1,
                    "text": "8642",
                    "boundingBoxes": [
                        [
                            0.8953411764705883,
                            0.11335454545454544,
                            0.9316941176470589,
                            0.11335454545454544,
                            0.9316941176470589,
                            0.12293636363636364,
                            0.8953411764705883,
                            0.12293636363636364
                        ]
                    ]
                }
            ]
        },
        {
            "label": "Sold To",
            "key": null,
            "value": [
                {
                    "page": 1,
                    "text": "Humongous",
                    "boundingBoxes": [
                        [
                            0.2448,
                            0.14534545454545456,
                            0.3191529411764706,
                            0.14534545454545456,
                            0.3191529411764706,
                            0.15482727272727273,
                            0.2448,
                            0.15482727272727273
                        ]
                    ]
                },
                {
                    "page": 1,
                    "text": "Insurance",
                    "boundingBoxes": [
                        [
                            0.3241294117647059,
                            0.14534545454545456,
                            0.38521176470588236,
                            0.14534545454545456,
                            0.38521176470588236,
                            0.15285454545454547,
                            0.3241294117647059,
                            0.15285454545454547
                        ]
                    ]
                }
            ]
        },
        {
            "label": "ID #",
            "key": null,
            "value": [
                {
                    "page": 1,
                    "text": "4567891",
                    "boundingBoxes": [
                        [
                            0.27205882352941174,
                            0.22091818181818182,
                            0.3205529411764706,
                            0.22091818181818182,
                            0.3205529411764706,
                            0.22865454545454547,
                            0.27205882352941174,
                            0.22865454545454547
                        ]
                    ]
                }
            ]
        }
    ]
}