{
    "document": "Invoice_1.pdf",
    "labels": [
        {
            "label": "Receipt No",
            "key": null,
            "value": [
                {
                    "page": 1,
                    "text": "2468",
                    "boundingBoxes": [
                        [
                            0.8951882352941176,
                            0.11335454545454544,
                            0.9318588235294117,
                            0.11335454545454544,
                            0.9318588235294117,
                            0.12293636363636364,
                            0.8951882352941176,
                            0.12293636363636364
                        ]
                    ]
                }
            ]
        },
        {
            "label": "Sold To",
            "key": null,
            "value": [
                {
                    "page": 1,
                    "text": "Fabrikam",
                    "boundingBoxes": [
                        [
                            0.2448235294117647,
                            0.14501818181818182,
                            0.3023411764705882,
                            0.14501818181818182,
                            0.3023411764705882,
                            0.15285454545454547,
                            0.2448235294117647,
                            0.15285454545454547
                        ]
                    ]
                },
                {
                    "page": 1,
                    "text": "Residences",
                    "boundingBoxes": [
                        [
                            0.3079882352941177,
                            0.14501818181818182,
                            0.37828235294117646,
                            0.14501818181818182,
                            0.37828235294117646,
                            0.15285454545454547,
                            0.3079882352941177,
                            0.15285454545454547
                        ]
                    ]
                }
            ]
        },
        {
            "label": "ID #",
            "key": null,
            "value": [
                {
                    "page": 1,
                    "text": "1197531",
                    "boundingBoxes": [
                        [
                            0.2728941176470588,
                            0.22091818181818182,
                            0.3205529411764706,
                            0.22091818181818182,
                            0.3205529411764706,
                            0.22865454545454547,
                            0.2728941176470588,
                            0.22865454545454547
                        ]
                    ]
                }
            ]
        }
    ]
}