{
    "document": "Invoice_2.pdf",
    "labels": [
        {
            "label": "Receipt No",
            "key": null,
            "value": [
                {
                    "page": 1,
                    "text": "3579",
                    "boundingBoxes": [
                        [
                            0.8953294117647058,
                            0.11335454545454544,
                            0.931564705882353,
                            0.11335454545454544,
                            0.931564705882353,
                            0.12293636363636364,
                            0.8953294117647058,
                            0.12293636363636364
                        ]
                    ]
                }
            ]
        },
        {
            "label": "Sold To",
            "key": null,
            "value": [
                {
                    "page": 1,
                    "text": "Bellows",
                    "boundingBoxes": [
                        [
                            0.2448,
                            0.14515454545454545,
                            0.29016470588235294,
                            0.14515454545454545,
                            0.29016470588235294,
                            0.15285454545454547,
                            0.2448,
                            0.15285454545454547
                        ]
                    ]
                },
                {
                    "page": 1,
                    "text": "College",
                    "boundingBoxes": [
                        [
                            0.29494117647058826,
                            0.14515454545454545,
                            0.3438941176470588,
                            0.14515454545454545,
                            0.3438941176470588,
                            0.15482727272727273,
                            0.29494117647058826,
                            0.15482727272727273
                        ]
                    ]
                }
            ]
        },
        {
            "label": "ID #",
            "key": null,
            "value": [
                {
                    "page": 1,
                    "text": "1234567",
                    "boundingBoxes": [
                        [
                            0.2728941176470588,
                            0.22091818181818182,
                            0.32267058823529415,
                            0.22091818181818182,
                            0.32267058823529415,
                            0.22865454545454547,
                            0.2728941176470588,
                            0.22865454545454547
                        ]
                    ]
                }
            ]
        }
    ]
}