{
    "$schema": "https://schema.cognitiveservices.azure.com/formrecognizer/2021-03-01/labels.json",
    "document": "fw8ben_5.pdf",
    "labels": [
        {
            "label": "Name",
            "key": null,
            "value": [
                {
                    "page": 1,
                    "text": "Jameson",
                    "boundingBoxes": [
                        [
                            0.06291764705882354,
                            0.30555454545454547,
                            0.11685882352941176,
                            0.30555454545454547,
                            0.11685882352941176,
                            0.31467272727272727,
                            0.06236470588235294,
                            0.3151
                        ]
                    ]
                },
                {
                    "page": 1,
                    "text": "Cameron",
                    "boundingBoxes": [
                        [
                            0.12022352941176472,
                            0.30555454545454547,
                            0.17696470588235294,
                            0.30555454545454547,
                            0.17696470588235294,
                            0.3151,
                            0.12022352941176472,
                            0.31467272727272727
                        ]
                    ]
                }
            ]
        },
        {
            "label": "Citizenship",
            "key": null,
            "value": [
                {
                    "page": 1,
                    "text": "Canada",
                    "boundingBoxes": [
                        [
                            0.6174117647058823,
                            0.30555454545454547,
                            0.665164705882353,
                            0.30555454545454547,
                            0.6646117647058825,
                            0.31467272727272727,
                            0.6174117647058823,
                            0.3151
                        ]
                    ]
                }
            ]
        },
        {
            "label": "PermanentStreetAddress",
            "key": null,
            "value": [
                {
                    "page": 1,
                    "text": "1816",
                    "boundingBoxes": [
                        [
                            0.06236470588235294,
                            0.3355,
                            0.08932941176470588,
                            0.33593636363636364,
                            0.08932941176470588,
                            0.3446181818181818,
                            0.06291764705882354,
                            0.3446181818181818
                        ]
                    ]
                },
                {
                    "page": 1,
                    "text": "Robson",
                    "boundingBoxes": [
                        [
                            0.09212941176470589,
                            0.33593636363636364,
                            0.1404470588235294,
                            0.3355,
                            0.1404470588235294,
                            0.34505454545454545,
                            0.09269411764705883,
                            0.3446181818181818
                        ]
                    ]
                },
                {
                    "page": 1,
                    "text": "St",
                    "boundingBoxes": [
                        [
                            0.14550588235294115,
                            0.3355,
                            0.16123529411764706,
                            0.3355,
                            0.16067058823529412,
                            0.34505454545454545,
                            0.14494117647058824,
                            0.34505454545454545
                        ]
                    ]
                }
            ]
        },
        {
            "label": "PermanentCityState",
            "key": null,
            "value": [
                {
                    "page": 1,
                    "text": "Vancouver,",
                    "boundingBoxes": [
                        [
                            0.06291764705882354,
                            0.3658818181818182,
                            0.1320235294117647,
                            0.3654545454545454,
                            0.1320235294117647,
                            0.3763,
                            0.06291764705882354,
                            0.37586363636363634
                        ]
                    ]
                },
                {
                    "page": 1,
                    "text": "BC",
                    "boundingBoxes": [
                        [
                            0.1342705882352941,
                            0.3654545454545454,
                            0.1522470588235294,
                            0.3654545454545454,
                            0.1522470588235294,
                            0.37586363636363634,
                            0.13483529411764705,
                            0.3763
                        ]
                    ]
                },
                {
                    "page": 1,
                    "text": "V6B",
                    "boundingBoxes": [
                        [
                            0.15674117647058824,
                            0.3654545454545454,
                            0.18145882352941176,
                            0.3654545454545454,
                            0.18145882352941176,
                            0.37586363636363634,
                            0.15674117647058824,
                            0.37586363636363634
                        ]
                    ]
                },
                {
                    "page": 1,
                    "text": "3K9",
                    "boundingBoxes": [
                        [
                            0.18708235294117648,
                            0.3654545454545454,
                            0.21123529411764708,
                            0.3654545454545454,
                            0.21123529411764708,
                            0.37586363636363634,
                            0.18708235294117648,
                            0.37586363636363634
                        ]
                    ]
                }
            ]
        },
        {
            "label": "PermanentCountry",
            "key": null,
            "value": [
                {
                    "page": 1,
                    "text": "Canada",
                    "boundingBoxes": [
                        [
                            0.7230352941176471,
                            0.3658818181818182,
                            0.7702235294117648,
                            0.36631818181818177,
                            0.7702235294117648,
                            0.3754363636363637,
                            0.7236,
                            0.3754363636363637
                        ]
                    ]
                }
            ]
        },
        {
            "label": "MailingStreetAddress",
            "key": null,
            "value": [
                {
                    "page": 1,
                    "text": "1278",
                    "boundingBoxes": [
                        [
                            0.06236470588235294,
                            0.3958363636363636,
                            0.08876470588235294,
                            0.3958363636363636,
                            0.08988235294117647,
                            0.40668181818181814,
                            0.06348235294117646,
                            0.40668181818181814
                        ]
                    ]
                },
                {
                    "page": 1,
                    "text": "Eglinton",
                    "boundingBoxes": [
                        [
                            0.09157647058823529,
                            0.3958363636363636,
                            0.14494117647058824,
                            0.3958363636363636,
                            0.14550588235294115,
                            0.4071181818181818,
                            0.09269411764705883,
                            0.40668181818181814
                        ]
                    ]
                },
                {
                    "page": 1,
                    "text": "Avenue",
                    "boundingBoxes": [
                        [
                            0.14831764705882353,
                            0.3958363636363636,
                            0.1977529411764706,
                            0.3962636363636364,
                            0.19831764705882352,
                            0.4062545454545454,
                            0.14887058823529412,
                            0.4071181818181818
                        ]
                    ]
                }
            ]
        },
        {
            "label": "MailingCityState",
            "key": null,
            "value": [
                {
                    "page": 1,
                    "text": "Toronto,",
                    "boundingBoxes": [
                        [
                            0.06067058823529412,
                            0.4257818181818182,
                            0.11404705882352942,
                            0.4262181818181818,
                            0.11404705882352942,
                            0.4362,
                            0.061235294117647054,
                            0.4362
                        ]
                    ]
                },
                {
                    "page": 1,
                    "text": "ON",
                    "boundingBoxes": [
                        [
                            0.11685882352941176,
                            0.4262181818181818,
                            0.1342705882352941,
                            0.4262181818181818,
                            0.13483529411764705,
                            0.4362,
                            0.11685882352941176,
                            0.4362
                        ]
                    ]
                },
                {
                    "page": 1,
                    "text": "M4P",
                    "boundingBoxes": [
                        [
                            0.13876470588235293,
                            0.4262181818181818,
                            0.16629411764705881,
                            0.4257818181818182,
                            0.16629411764705881,
                            0.4362,
                            0.13932941176470587,
                            0.4362
                        ]
                    ]
                },
                {
                    "page": 1,
                    "text": "1A6",
                    "boundingBoxes": [
                        [
                            0.1719058823529412,
                            0.4257818181818182,
                            0.19550588235294117,
                            0.4257818181818182,
                            0.19550588235294117,
                            0.43576363636363635,
                            0.1719058823529412,
                            0.4362
                        ]
                    ]
                }
            ]
        },
        {
            "label": "MailingCountry",
            "key": null,
            "value": [
                {
                    "page": 1,
                    "text": "Canada",
                    "boundingBoxes": [
                        [
                            0.7230352941176471,
                            0.42664545454545455,
                            0.7696588235294117,
                            0.4262181818181818,
                            0.7696588235294117,
                            0.43576363636363635,
                            0.7230352941176471,
                            0.43532727272727273
                        ]
                    ]
                }
            ]
        },
        {
            "label": "SSN_ITIN",
            "key": null,
            "value": [
                {
                    "page": 1,
                    "text": "12-282-2283",
                    "boundingBoxes": [
                        [
                            0.3219058823529412,
                            0.4583363636363636,
                            0.39494117647058824,
                            0.45790000000000003,
                            0.3955058823529412,
                            0.4674454545454545,
                            0.3224705882352941,
                            0.4678818181818182
                        ]
                    ]
                }
            ]
        },
        {
            "label": "ForeignTaxIdentifyingNumber",
            "key": null,
            "value": [
                {
                    "page": 1,
                    "text": "1B02183",
                    "boundingBoxes": [
                        [
                            0.75,
                            0.4570272727272728,
                            0.8028117647058823,
                            0.45659999999999995,
                            0.8028117647058823,
                            0.4661454545454546,
                            0.750564705882353,
                            0.4661454545454546
                        ]
                    ]
                }
            ]
        },
        {
            "label": "ReferenceNumber",
            "key": null,
            "value": [
                {
                    "page": 1,
                    "text": "145",
                    "boundingBoxes": [
                        [
                            0.23651764705882355,
                            0.4882818181818182,
                            0.25674117647058825,
                            0.4887181818181818,
                            0.25674117647058825,
                            0.49696363636363633,
                            0.23651764705882355,
                            0.49652727272727276
                        ]
                    ]
                }
            ]
        },
        {
            "label": "DateOfBirth",
            "key": null,
            "value": [
                {
                    "page": 1,
                    "text": "03-10-1974",
                    "boundingBoxes": [
                        [
                            0.6539294117647059,
                            0.48914545454545455,
                            0.7196588235294117,
                            0.4887181818181818,
                            0.7196588235294117,
                            0.4974,
                            0.6544941176470589,
                            0.4974
                        ]
                    ]
                }
            ]
        },
        {
            "label": "ClaimBenefitResident",
            "key": null,
            "value": [
                {
                    "page": 1,
                    "text": "Canada",
                    "boundingBoxes": [
                        [
                            0.39157647058823525,
                            0.5191,
                            0.4370823529411765,
                            0.5191,
                            0.4370823529411765,
                            0.5282090909090909,
                            0.39157647058823525,
                            0.5282090909090909
                        ]
                    ]
                }
            ]
        },
        {
            "label": "ArticleParagraph",
            "key": null,
            "value": [
                {
                    "page": 1,
                    "text": "7",
                    "boundingBoxes": [
                        [
                            0.10898823529411765,
                            0.5638000000000001,
                            0.11572941176470589,
                            0.5642363636363636,
                            0.11516470588235295,
                            0.5729181818181819,
                            0.1084235294117647,
                            0.5724818181818182
                        ]
                    ]
                }
            ]
        },
        {
            "label": "Rate",
            "key": null,
            "value": [
                {
                    "page": 1,
                    "text": "0",
                    "boundingBoxes": [
                        [
                            0.6005647058823529,
                            0.5633636363636364,
                            0.6073058823529411,
                            0.5638000000000001,
                            0.6061764705882353,
                            0.5729181818181819,
                            0.5994352941176471,
                            0.5724818181818182
                        ]
                    ]
                }
            ]
        },
        {
            "label": "TypeOfIncome",
            "key": null,
            "value": [
                {
                    "page": 1,
                    "text": "Business",
                    "boundingBoxes": [
                        [
                            0.10898823529411765,
                            0.5794272727272728,
                            0.1657294117647059,
                            0.5789909090909091,
                            0.1657294117647059,
                            0.5889727272727273,
                            0.1084235294117647,
                            0.5885454545454546
                        ]
                    ]
                },
                {
                    "page": 1,
                    "text": "Profits,",
                    "boundingBoxes": [
                        [
                            0.16854117647058825,
                            0.5789909090909091,
                            0.21516470588235292,
                            0.5789909090909091,
                            0.21516470588235292,
                            0.5889727272727273,
                            0.16797647058823528,
                            0.5889727272727273
                        ]
                    ]
                },
                {
                    "page": 1,
                    "text": "Bonuses",
                    "boundingBoxes": [
                        [
                            0.2179764705882353,
                            0.5794272727272728,
                            0.27415294117647054,
                            0.5798636363636364,
                            0.27415294117647054,
                            0.5889727272727273,
                            0.21741176470588236,
                            0.5889727272727273
                        ]
                    ]
                }
            ]
        },
        {
            "label": "AdditionialConditions",
            "key": null,
            "value": [
                {
                    "page": 1,
                    "text": "Beneficial",
                    "boundingBoxes": [
                        [
                            0.1084235294117647,
                            0.6093727272727273,
                            0.16965882352941175,
                            0.6093727272727273,
                            0.16965882352941175,
                            0.6197909090909092,
                            0.1084235294117647,
                            0.6197909090909092
                        ]
                    ]
                },
                {
                    "page": 1,
                    "text": "owner",
                    "boundingBoxes": [
                        [
                            0.1719058823529412,
                            0.6093727272727273,
                            0.21123529411764708,
                            0.6093727272727273,
                            0.21123529411764708,
                            0.6197909090909092,
                            0.1719058823529412,
                            0.6197909090909092
                        ]
                    ]
                },
                {
                    "page": 1,
                    "text": "only",
                    "boundingBoxes": [
                        [
                            0.2140470588235294,
                            0.6093727272727273,
                            0.2421294117647059,
                            0.6093727272727273,
                            0.2421294117647059,
                            0.6197909090909092,
                            0.2140470588235294,
                            0.6197909090909092
                        ]
                    ]
                },
                {
                    "page": 1,
                    "text": "has",
                    "boundingBoxes": [
                        [
                            0.24437647058823528,
                            0.6093727272727273,
                            0.26910588235294114,
                            0.6093727272727273,
                            0.26910588235294114,
                            0.6197909090909092,
                            0.24437647058823528,
                            0.6197909090909092
                        ]
                    ]
                },
                {
                    "page": 1,
                    "text": "a",
                    "boundingBoxes": [
                        [
                            0.27190588235294116,
                            0.6093727272727273,
                            0.2786470588235294,
                            0.6093727272727273,
                            0.2786470588235294,
                            0.6197909090909092,
                            0.27190588235294116,
                            0.6197909090909092
                        ]
                    ]
                },
                {
                    "page": 1,
                    "text": "permanent",
                    "boundingBoxes": [
                        [
                            0.28145882352941176,
                            0.6093727272727273,
                            0.35056470588235294,
                            0.6093727272727273,
                            0.35056470588235294,
                            0.6197909090909092,
                            0.28145882352941176,
                            0.6197909090909092
                        ]
                    ]
                },
                {
                    "page": 1,
                    "text": "establishment",
                    "boundingBoxes": [
                        [
                            0.3533764705882353,
                            0.6093727272727273,
                            0.4415764705882353,
                            0.6093727272727273,
                            0.4415764705882353,
                            0.6197909090909092,
                            0.3533764705882353,
                            0.6197909090909092
                        ]
                    ]
                },
                {
                    "page": 1,
                    "text": "in",
                    "boundingBoxes": [
                        [
                            0.44382352941176473,
                            0.6093727272727273,
                            0.4561764705882353,
                            0.6093727272727273,
                            0.4561764705882353,
                            0.6197909090909092,
                            0.4443764705882353,
                            0.6197909090909092
                        ]
                    ]
                },
                {
                    "page": 1,
                    "text": "Canada",
                    "boundingBoxes": [
                        [
                            0.4589882352941177,
                            0.6093727272727273,
                            0.5078705882352942,
                            0.6093727272727273,
                            0.5078705882352942,
                            0.6197909090909092,
                            0.4589882352941177,
                            0.6197909090909092
                        ]
                    ]
                },
                {
                    "page": 1,
                    "text": "and",
                    "boundingBoxes": [
                        [
                            0.5106705882352941,
                            0.6093727272727273,
                            0.5348352941176471,
                            0.6093727272727273,
                            0.5348352941176471,
                            0.6197909090909092,
                            0.5106705882352941,
                            0.6197909090909092
                        ]
                    ]
                },
                {
                    "page": 1,
                    "text": "all",
                    "boundingBoxes": [
                        [
                            0.537635294117647,
                            0.6093727272727273,
                            0.5528117647058823,
                            0.6093727272727273,
                            0.5528117647058823,
                            0.6197909090909092,
                            0.537635294117647,
                            0.6197909090909092
                        ]
                    ]
                },
                {
                    "page": 1,
                    "text": "work",
                    "boundingBoxes": [
                        [
                            0.5550588235294117,
                            0.6093727272727273,
                            0.5865176470588236,
                            0.6093727272727273,
                            0.5865176470588236,
                            0.6197909090909092,
                            0.5550588235294117,
                            0.6197909090909092
                        ]
                    ]
                },
                {
                    "page": 1,
                    "text": "is",
                    "boundingBoxes": [
                        [
                            0.5893294117647059,
                            0.6093727272727273,
                            0.6016823529411764,
                            0.6093727272727273,
                            0.6016823529411764,
                            0.6197909090909092,
                            0.5893294117647059,
                            0.6197909090909092
                        ]
                    ]
                },
                {
                    "page": 1,
                    "text": "performed",
                    "boundingBoxes": [
                        [
                            0.6039294117647058,
                            0.6093727272727273,
                            0.6696588235294118,
                            0.6093727272727273,
                            0.6696588235294118,
                            0.6197909090909092,
                            0.6039294117647058,
                            0.6197909090909092
                        ]
                    ]
                },
                {
                    "page": 1,
                    "text": "in",
                    "boundingBoxes": [
                        [
                            0.6724705882352942,
                            0.6093727272727273,
                            0.6848352941176471,
                            0.6093727272727273,
                            0.6848352941176471,
                            0.6197909090909092,
                            0.6724705882352942,
                            0.6197909090909092
                        ]
                    ]
                },
                {
                    "page": 1,
                    "text": "Canada",
                    "boundingBoxes": [
                        [
                            0.6870823529411765,
                            0.6093727272727273,
                            0.7365176470588235,
                            0.6093727272727273,
                            0.7365176470588235,
                            0.6197909090909092,
                            0.6870823529411765,
                            0.6197909090909092
                        ]
                    ]
                },
                {
                    "page": 1,
                    "text": "as",
                    "boundingBoxes": [
                        [
                            0.7387647058823529,
                            0.6093727272727273,
                            0.753929411764706,
                            0.6093727272727273,
                            0.753929411764706,
                            0.6197909090909092,
                            0.7387647058823529,
                            0.6197909090909092
                        ]
                    ]
                },
                {
                    "page": 1,
                    "text": "per",
                    "boundingBoxes": [
                        [
                            0.7561764705882353,
                            0.6093727272727273,
                            0.7780941176470588,
                            0.6093727272727273,
                            0.7780941176470588,
                            0.6197909090909092,
                            0.7561764705882353,
                            0.6197909090909092
                        ]
                    ]
                },
                {
                    "page": 1,
                    "text": "article",
                    "boundingBoxes": [
                        [
                            0.7808941176470588,
                            0.6093727272727273,
                            0.8207882352941177,
                            0.6093727272727273,
                            0.8207882352941177,
                            0.6197909090909092,
                            0.7808941176470588,
                            0.6197909090909092
                        ]
                    ]
                },
                {
                    "page": 1,
                    "text": "V",
                    "boundingBoxes": [
                        [
                            0.8236,
                            0.6093727272727273,
                            0.8314588235294118,
                            0.6093727272727273,
                            0.8314588235294118,
                            0.6197909090909092,
                            0.8236,
                            0.6197909090909092
                        ]
                    ]
                }
            ]
        },
        {
            "label": "Date",
            "key": null,
            "value": [
                {
                    "page": 1,
                    "text": "05-05-2021",
                    "boundingBoxes": [
                        [
                            0.7893294117647058,
                            0.8897545454545455,
                            0.8567411764705882,
                            0.8897545454545455,
                            0.8561764705882353,
                            0.899309090909091,
                            0.7898823529411765,
                            0.899309090909091
                        ]
                    ]
                }
            ]
        },
        {
            "label": "NameOfSigner",
            "key": null,
            "value": [
                {
                    "page": 1,
                    "text": "Jameson",
                    "boundingBoxes": [
                        [
                            0.1797764705882353,
                            0.9279545454545454,
                            0.23483529411764706,
                            0.9279545454545454,
                            0.23427058823529412,
                            0.9370636363636364,
                            0.17921176470588238,
                            0.9370636363636364
                        ]
                    ]
                },
                {
                    "page": 1,
                    "text": "Cameron",
                    "boundingBoxes": [
                        [
                            0.23763529411764703,
                            0.9279545454545454,
                            0.2943764705882353,
                            0.9279545454545454,
                            0.2943764705882353,
                            0.9375,
                            0.23763529411764703,
                            0.9370636363636364
                        ]
                    ]
                }
            ]
        }
    ],
    "labelingState": 2
}