{
    "$schema": "https://schema.cognitiveservices.azure.com/formrecognizer/2021-03-01/labels.json",
    "document": "fw8ben_handwritten.jpg",
    "labels": [
        {
            "label": "Name",
            "key": null,
            "value": [
                {
                    "page": 1,
                    "text": "ANDREW",
                    "boundingBoxes": [
                        [
                            0.16417112299465242,
                            0.30414746543778803,
                            0.23048128342245988,
                            0.30414746543778803,
                            0.23048128342245988,
                            0.3200670297444491,
                            0.16470588235294117,
                            0.3196480938416422
                        ]
                    ]
                },
                {
                    "page": 1,
                    "text": "HERBERT",
                    "boundingBoxes": [
                        [
                            0.2497326203208556,
                            0.30456640134059487,
                            0.32245989304812833,
                            0.30498533724340177,
                            0.32245989304812833,
                            0.3200670297444491,
                            0.25026737967914436,
                            0.3200670297444491
                        ]
                    ]
                }
            ]
        },
        {
            "label": "Citizenship",
            "key": null,
            "value": [
                {
                    "page": 1,
                    "text": "AUSTRALIA",
                    "boundingBoxes": [
                        [
                            0.6401069518716578,
                            0.3054042731462086,
                            0.741711229946524,
                            0.30498533724340177,
                            0.7406417112299465,
                            0.32090490155006285,
                            0.6401069518716578,
                            0.32048596564725595
                        ]
                    ]
                }
            ]
        },
        {
            "label": "PermanentStreetAddress",
            "key": null,
            "value": [
                {
                    "page": 1,
                    "text": "61",
                    "boundingBoxes": [
                        [
                            0.1893048128342246,
                            0.33682446585672393,
                            0.20962566844919786,
                            0.33724340175953077,
                            0.20962566844919786,
                            0.35064935064935066,
                            0.1893048128342246,
                            0.35064935064935066
                        ]
                    ]
                },
                {
                    "page": 1,
                    "text": "BLACK",
                    "boundingBoxes": [
                        [
                            0.22139037433155082,
                            0.33724340175953077,
                            0.2716577540106952,
                            0.33808127356514456,
                            0.2716577540106952,
                            0.35064935064935066,
                            0.22139037433155082,
                            0.35064935064935066
                        ]
                    ]
                },
                {
                    "page": 1,
                    "text": "POINT",
                    "boundingBoxes": [
                        [
                            0.2786096256684492,
                            0.33808127356514456,
                            0.3315508021390374,
                            0.33766233766233766,
                            0.3315508021390374,
                            0.35023041474654376,
                            0.2786096256684492,
                            0.35064935064935066
                        ]
                    ]
                },
                {
                    "page": 1,
                    "text": "DRIVE",
                    "boundingBoxes": [
                        [
                            0.3406417112299465,
                            0.33766233766233766,
                            0.3967914438502674,
                            0.33640552995391704,
                            0.3967914438502674,
                            0.3489736070381232,
                            0.3406417112299465,
                            0.35023041474654376
                        ]
                    ]
                }
            ]
        },
        {
            "label": "PermanentCityState",
            "key": null,
            "value": [
                {
                    "page": 1,
                    "text": "MIDGEE",
                    "boundingBoxes": [
                        [
                            0.19786096256684493,
                            0.36782572266443236,
                            0.26844919786096255,
                            0.36740678676162547,
                            0.26844919786096255,
                            0.3812316715542522,
                            0.19732620320855615,
                            0.38039379974863846
                        ]
                    ]
                },
                {
                    "page": 1,
                    "text": "SA",
                    "boundingBoxes": [
                        [
                            0.28663101604278074,
                            0.36740678676162547,
                            0.30802139037433157,
                            0.36782572266443236,
                            0.30802139037433157,
                            0.3816506074570591,
                            0.28663101604278074,
                            0.3816506074570591
                        ]
                    ]
                },
                {
                    "page": 1,
                    "text": "5602",
                    "boundingBoxes": [
                        [
                            0.32727272727272727,
                            0.36782572266443236,
                            0.3716577540106952,
                            0.36908253037285293,
                            0.37219251336898396,
                            0.38290741516547966,
                            0.32727272727272727,
                            0.3820695433598659
                        ]
                    ]
                }
            ]
        },
        {
            "label": "PermanentCountry",
            "key": null,
            "value": [
                {
                    "page": 1,
                    "text": "AUSTRALIA",
                    "boundingBoxes": [
                        [
                            0.725668449197861,
                            0.3686635944700461,
                            0.8181818181818182,
                            0.36782572266443236,
                            0.8181818181818182,
                            0.3812316715542522,
                            0.7251336898395722,
                            0.3816506074570591
                        ]
                    ]
                }
            ]
        },
        {
            "label": "MailingStreetAddress",
            "key": null,
            "value": [
                {
                    "page": 1,
                    "text": "124",
                    "boundingBoxes": [
                        [
                            0.2016042780748663,
                            0.39882697947214074,
                            0.22994652406417113,
                            0.39882697947214074,
                            0.22994652406417113,
                            0.41181399245915373,
                            0.2021390374331551,
                            0.4113950565563469
                        ]
                    ]
                },
                {
                    "page": 1,
                    "text": "PARKES",
                    "boundingBoxes": [
                        [
                            0.24545454545454545,
                            0.39882697947214074,
                            0.3090909090909091,
                            0.39924591537494764,
                            0.3090909090909091,
                            0.41265186426476747,
                            0.24545454545454545,
                            0.4122329283619606
                        ]
                    ]
                },
                {
                    "page": 1,
                    "text": "RD",
                    "boundingBoxes": [
                        [
                            0.3213903743315508,
                            0.39924591537494764,
                            0.3433155080213904,
                            0.39924591537494764,
                            0.3433155080213904,
                            0.41265186426476747,
                            0.3213903743315508,
                            0.41265186426476747
                        ]
                    ]
                }
            ]
        },
        {
            "label": "MailingCityState",
            "key": null,
            "value": [
                {
                    "page": 1,
                    "text": "SPORTS",
                    "boundingBoxes": [
                        [
                            0.2016042780748663,
                            0.42940930037704234,
                            0.2518716577540107,
                            0.42899036447423544,
                            0.2518716577540107,
                            0.44197737746124843,
                            0.2021390374331551,
                            0.44155844155844154
                        ]
                    ]
                },
                {
                    "page": 1,
                    "text": "WOOD,",
                    "boundingBoxes": [
                        [
                            0.2545454545454545,
                            0.42899036447423544,
                            0.3053475935828877,
                            0.4281524926686217,
                            0.3053475935828877,
                            0.44197737746124843,
                            0.2550802139037433,
                            0.44197737746124843
                        ]
                    ]
                },
                {
                    "page": 1,
                    "text": "VIC",
                    "boundingBoxes": [
                        [
                            0.30802139037433157,
                            0.4281524926686217,
                            0.34759358288770054,
                            0.427314620863008,
                            0.34705882352941175,
                            0.44155844155844154,
                            0.30802139037433157,
                            0.44197737746124843
                        ]
                    ]
                },
                {
                    "page": 1,
                    "text": "3015",
                    "boundingBoxes": [
                        [
                            0.3625668449197861,
                            0.4268956849602011,
                            0.40106951871657753,
                            0.42647674905739424,
                            0.40053475935828875,
                            0.4411395056556347,
                            0.3625668449197861,
                            0.44155844155844154
                        ]
                    ]
                }
            ]
        },
        {
            "label": "MailingCountry",
            "key": null,
            "value": [
                {
                    "page": 1,
                    "text": "AUSTRALIA",
                    "boundingBoxes": [
                        [
                            0.7224598930481283,
                            0.4277335567658148,
                            0.8133689839572192,
                            0.4268956849602011,
                            0.8133689839572192,
                            0.4423963133640553,
                            0.7224598930481283,
                            0.44323418516966906
                        ]
                    ]
                }
            ]
        },
        {
            "label": "SSN_ITIN",
            "key": null,
            "value": [
                {
                    "page": 1,
                    "text": "457-06-1345",
                    "boundingBoxes": [
                        [
                            0.2545454545454545,
                            0.4574780058651026,
                            0.386096256684492,
                            0.45873481357352325,
                            0.386096256684492,
                            0.47214076246334313,
                            0.2540106951871658,
                            0.47130289065772935
                        ]
                    ]
                }
            ]
        },
        {
            "label": "ForeignTaxIdentifyingNumber",
            "key": null,
            "value": [
                {
                    "page": 1,
                    "text": "DE",
                    "boundingBoxes": [
                        [
                            0.660427807486631,
                            0.4604105571847507,
                            0.6818181818181818,
                            0.4604105571847507,
                            0.6823529411764706,
                            0.47297863426895687,
                            0.660427807486631,
                            0.47297863426895687
                        ]
                    ]
                },
                {
                    "page": 1,
                    "text": "145",
                    "boundingBoxes": [
                        [
                            0.6871657754010695,
                            0.4604105571847507,
                            0.7128342245989305,
                            0.4604105571847507,
                            0.7133689839572193,
                            0.47297863426895687,
                            0.6871657754010695,
                            0.47297863426895687
                        ]
                    ]
                },
                {
                    "page": 1,
                    "text": "6790",
                    "boundingBoxes": [
                        [
                            0.7160427807486631,
                            0.4604105571847507,
                            0.7609625668449198,
                            0.4599916212819439,
                            0.760427807486631,
                            0.47297863426895687,
                            0.7160427807486631,
                            0.47297863426895687
                        ]
                    ]
                }
            ]
        },
        {
            "label": "ReferenceNumber",
            "key": null,
            "value": [
                {
                    "page": 1,
                    "text": "143",
                    "boundingBoxes": [
                        [
                            0.26898395721925134,
                            0.4897360703812317,
                            0.29572192513368983,
                            0.4897360703812317,
                            0.29518716577540105,
                            0.5018852115626309,
                            0.26898395721925134,
                            0.501466275659824
                        ]
                    ]
                }
            ]
        },
        {
            "label": "DateOfBirth",
            "key": null,
            "value": [
                {
                    "page": 1,
                    "text": "04-20-",
                    "boundingBoxes": [
                        [
                            0.6427807486631016,
                            0.49141181399245915,
                            0.7074866310160428,
                            0.4901550062840385,
                            0.7080213903743315,
                            0.5031420192710515,
                            0.6433155080213904,
                            0.5027230833682447
                        ]
                    ]
                },
                {
                    "page": 1,
                    "text": "1976",
                    "boundingBoxes": [
                        [
                            0.7144385026737968,
                            0.4901550062840385,
                            0.7550802139037434,
                            0.4905739421868454,
                            0.7550802139037434,
                            0.5043988269794721,
                            0.7144385026737968,
                            0.5031420192710515
                        ]
                    ]
                }
            ]
        },
        {
            "label": "ClaimBenefitResident",
            "key": null,
            "value": [
                {
                    "page": 1,
                    "text": "AUSTRALIA",
                    "boundingBoxes": [
                        [
                            0.4406417112299465,
                            0.5190615835777126,
                            0.5256684491978609,
                            0.5203183912861332,
                            0.5256684491978609,
                            0.5354000837871805,
                            0.44010695187165777,
                            0.5345622119815668
                        ]
                    ]
                }
            ]
        },
        {
            "label": "ArticleParagraph",
            "key": null,
            "value": [
                {
                    "page": 1,
                    "text": "12",
                    "boundingBoxes": [
                        [
                            0.18823529411764706,
                            0.5655634687892752,
                            0.20748663101604278,
                            0.5659824046920822,
                            0.20641711229946524,
                            0.579388353581902,
                            0.1877005347593583,
                            0.5785504817762882
                        ]
                    ]
                }
            ]
        },
        {
            "label": "Rate",
            "key": null,
            "value": [
                {
                    "page": 1,
                    "text": "/",
                    "boundingBoxes": [
                        [
                            0.5834224598930481,
                            0.5672392124005027,
                            0.5898395721925134,
                            0.5672392124005027,
                            0.5903743315508021,
                            0.578969417679095,
                            0.5834224598930481,
                            0.578969417679095
                        ]
                    ]
                },
                {
                    "page": 1,
                    "text": "0",
                    "boundingBoxes": [
                        [
                            0.5925133689839572,
                            0.5672392124005027,
                            0.6010695187165775,
                            0.5672392124005027,
                            0.6016042780748663,
                            0.579388353581902,
                            0.593048128342246,
                            0.578969417679095
                        ]
                    ]
                }
            ]
        },
        {
            "label": "TypeOfIncome",
            "key": null,
            "value": [
                {
                    "page": 1,
                    "text": "BONUSES,",
                    "boundingBoxes": [
                        [
                            0.14278074866310161,
                            0.5823209049015501,
                            0.22032085561497325,
                            0.5823209049015501,
                            0.22032085561497325,
                            0.5940511101801424,
                            0.14278074866310161,
                            0.5948889819857561
                        ]
                    ]
                },
                {
                    "page": 1,
                    "text": "COMMISSIONS",
                    "boundingBoxes": [
                        [
                            0.22566844919786097,
                            0.5823209049015501,
                            0.3481283422459893,
                            0.5819019689987432,
                            0.34759358288770054,
                            0.5940511101801424,
                            0.2251336898395722,
                            0.5940511101801424
                        ]
                    ]
                }
            ]
        },
        {
            "label": "AdditionialConditions",
            "key": null,
            "value": [
                {
                    "page": 1,
                    "text": "EXPLAIN",
                    "boundingBoxes": [
                        [
                            0.2016042780748663,
                            0.6124842899036448,
                            0.2695187165775401,
                            0.611646418098031,
                            0.2700534759358289,
                            0.6242144951822372,
                            0.2016042780748663,
                            0.6242144951822372
                        ]
                    ]
                },
                {
                    "page": 1,
                    "text": "STATEMENT",
                    "boundingBoxes": [
                        [
                            0.2898395721925134,
                            0.6112274821952242,
                            0.3780748663101604,
                            0.6112274821952242,
                            0.3780748663101604,
                            0.6242144951822372,
                            0.2898395721925134,
                            0.6242144951822372
                        ]
                    ]
                },
                {
                    "page": 1,
                    "text": "GOES",
                    "boundingBoxes": [
                        [
                            0.39786096256684494,
                            0.6112274821952242,
                            0.4443850267379679,
                            0.611646418098031,
                            0.4449197860962567,
                            0.624633431085044,
                            0.3983957219251337,
                            0.6242144951822372
                        ]
                    ]
                },
                {
                    "page": 1,
                    "text": "HERE",
                    "boundingBoxes": [
                        [
                            0.45828877005347596,
                            0.6120653540008378,
                            0.5010695187165776,
                            0.6129032258064516,
                            0.5016042780748663,
                            0.6250523669878508,
                            0.4588235294117647,
                            0.624633431085044
                        ]
                    ]
                }
            ]
        },
        {
            "label": "Date",
            "key": null,
            "value": [
                {
                    "page": 1,
                    "text": "04-19",
                    "boundingBoxes": [
                        [
                            0.7491978609625668,
                            0.8952660242982824,
                            0.8058823529411765,
                            0.8961038961038961,
                            0.8053475935828877,
                            0.9107666527021365,
                            0.7491978609625668,
                            0.9107666527021365
                        ]
                    ]
                },
                {
                    "page": 1,
                    "text": "-",
                    "boundingBoxes": [
                        [
                            0.8096256684491978,
                            0.8961038961038961,
                            0.8213903743315508,
                            0.896522832006703,
                            0.8213903743315508,
                            0.9107666527021365,
                            0.8096256684491978,
                            0.9107666527021365
                        ]
                    ]
                },
                {
                    "page": 1,
                    "text": "2021",
                    "boundingBoxes": [
                        [
                            0.8267379679144385,
                            0.896522832006703,
                            0.8732620320855615,
                            0.8973607038123167,
                            0.8732620320855615,
                            0.9111855886049435,
                            0.8267379679144385,
                            0.9107666527021365
                        ]
                    ]
                }
            ]
        },
        {
            "label": "NameOfSigner",
            "key": null,
            "value": [
                {
                    "page": 1,
                    "text": "JANE",
                    "boundingBoxes": [
                        [
                            0.3122994652406417,
                            0.9266862170087976,
                            0.35614973262032085,
                            0.9266862170087976,
                            0.35668449197860963,
                            0.9388353581901969,
                            0.31283422459893045,
                            0.9392542940930038
                        ]
                    ]
                },
                {
                    "page": 1,
                    "text": "HERBERT",
                    "boundingBoxes": [
                        [
                            0.3786096256684492,
                            0.9262672811059908,
                            0.45935828877005347,
                            0.9262672811059908,
                            0.45935828877005347,
                            0.9400921658986175,
                            0.379144385026738,
                            0.9388353581901969
                        ]
                    ]
                }
            ]
        },
        {
            "label": "CapacityActing",
            "key": null,
            "value": [
                {
                    "page": 1,
                    "text": "SPOUSE",
                    "boundingBoxes": [
                        [
                            0.7053475935828877,
                            0.9283619606200252,
                            0.7684491978609626,
                            0.9283619606200252,
                            0.7679144385026738,
                            0.9438625890238793,
                            0.7042780748663101,
                            0.9438625890238793
                        ]
                    ]
                }
            ]
        }
    ],
    "labelingState": 2
}