{
    "$schema": "https://schema.cognitiveservices.azure.com/formrecognizer/2021-03-01/labels.json",
    "document": "fw8ben_3.pdf",
    "labels": [
        {
            "label": "Name",
            "key": null,
            "value": [
                {
                    "page": 1,
                    "text": "Lee",
                    "boundingBoxes": [
                        [
                            0.0618,
                            0.30511818181818184,
                            0.08258823529411764,
                            0.30511818181818184,
                            0.08258823529411764,
                            0.31597272727272724,
                            0.06236470588235294,
                            0.3155363636363636
                        ]
                    ]
                },
                {
                    "page": 1,
                    "text": "Ling",
                    "boundingBoxes": [
                        [
                            0.08538823529411765,
                            0.30511818181818184,
                            0.11461176470588234,
                            0.30511818181818184,
                            0.11461176470588234,
                            0.3164090909090909,
                            0.08538823529411765,
                            0.31597272727272724
                        ]
                    ]
                },
                {
                    "page": 1,
                    "text": "Jane",
                    "boundingBoxes": [
                        [
                            0.11741176470588235,
                            0.30511818181818184,
                            0.14887058823529412,
                            0.30511818181818184,
                            0.14887058823529412,
                            0.31597272727272724,
                            0.11741176470588235,
                            0.3164090909090909
                        ]
                    ]
                }
            ]
        },
        {
            "label": "Citizenship",
            "key": null,
            "value": [
                {
                    "page": 1,
                    "text": "Singapore",
                    "boundingBoxes": [
                        [
                            0.6179764705882352,
                            0.30511818181818184,
                            0.6825882352941176,
                            0.30555454545454547,
                            0.6825882352941176,
                            0.31597272727272724,
                            0.6174117647058823,
                            0.3164090909090909
                        ]
                    ]
                }
            ]
        },
        {
            "label": "PermanentStreetAddress",
            "key": null,
            "value": [
                {
                    "page": 1,
                    "text": "35",
                    "boundingBoxes": [
                        [
                            0.06236470588235294,
                            0.3355,
                            0.07584705882352942,
                            0.3355,
                            0.07584705882352942,
                            0.3459181818181818,
                            0.0618,
                            0.3459181818181818
                        ]
                    ]
                },
                {
                    "page": 1,
                    "text": "Tiong",
                    "boundingBoxes": [
                        [
                            0.0786470588235294,
                            0.3355,
                            0.11461176470588234,
                            0.3355,
                            0.11404705882352942,
                            0.3463545454545454,
                            0.0786470588235294,
                            0.3459181818181818
                        ]
                    ]
                },
                {
                    "page": 1,
                    "text": "Bahru",
                    "boundingBoxes": [
                        [
                            0.11741176470588235,
                            0.3355,
                            0.15562352941176472,
                            0.3355,
                            0.15562352941176472,
                            0.3463545454545454,
                            0.11741176470588235,
                            0.3463545454545454
                        ]
                    ]
                },
                {
                    "page": 1,
                    "text": "Road,",
                    "boundingBoxes": [
                        [
                            0.1584235294117647,
                            0.3355,
                            0.19607058823529414,
                            0.3355,
                            0.19607058823529414,
                            0.3459181818181818,
                            0.1584235294117647,
                            0.3463545454545454
                        ]
                    ]
                },
                {
                    "page": 1,
                    "text": "#03-04",
                    "boundingBoxes": [
                        [
                            0.1988705882352941,
                            0.3355,
                            0.24157647058823528,
                            0.3355,
                            0.24157647058823528,
                            0.34505454545454545,
                            0.1988705882352941,
                            0.3459181818181818
                        ]
                    ]
                }
            ]
        },
        {
            "label": "PermanentCityState",
            "key": null,
            "value": [
                {
                    "page": 1,
                    "text": "Singapore",
                    "boundingBoxes": [
                        [
                            0.06236470588235294,
                            0.3654545454545454,
                            0.12584705882352942,
                            0.3654545454545454,
                            0.12528235294117646,
                            0.37717272727272727,
                            0.06236470588235294,
                            0.3776
                        ]
                    ]
                },
                {
                    "page": 1,
                    "text": "350035",
                    "boundingBoxes": [
                        [
                            0.1286470588235294,
                            0.3654545454545454,
                            0.1736,
                            0.36501818181818185,
                            0.1736,
                            0.37673636363636365,
                            0.12809411764705883,
                            0.37717272727272727
                        ]
                    ]
                }
            ]
        },
        {
            "label": "PermanentCountry",
            "key": null,
            "value": [
                {
                    "page": 1,
                    "text": "Singapore",
                    "boundingBoxes": [
                        [
                            0.7241529411764707,
                            0.3658818181818182,
                            0.788764705882353,
                            0.36675454545454544,
                            0.7882,
                            0.37717272727272727,
                            0.7236,
                            0.37673636363636365
                        ]
                    ]
                }
            ]
        },
        {
            "label": "MailingStreetAddress",
            "key": null,
            "value": [
                {
                    "page": 1,
                    "text": "13",
                    "boundingBoxes": [
                        [
                            0.0618,
                            0.3958363636363636,
                            0.07471764705882353,
                            0.3958363636363636,
                            0.07471764705882353,
                            0.4062545454545454,
                            0.0618,
                            0.4062545454545454
                        ]
                    ]
                },
                {
                    "page": 1,
                    "text": "Mandarin",
                    "boundingBoxes": [
                        [
                            0.07752941176470589,
                            0.3958363636363636,
                            0.13708235294117646,
                            0.39540000000000003,
                            0.13708235294117646,
                            0.4062545454545454,
                            0.07752941176470589,
                            0.4062545454545454
                        ]
                    ]
                },
                {
                    "page": 1,
                    "text": "Road,",
                    "boundingBoxes": [
                        [
                            0.13988235294117649,
                            0.39540000000000003,
                            0.17696470588235294,
                            0.39540000000000003,
                            0.17696470588235294,
                            0.4062545454545454,
                            0.13988235294117649,
                            0.4062545454545454
                        ]
                    ]
                },
                {
                    "page": 1,
                    "text": "#334",
                    "boundingBoxes": [
                        [
                            0.1797764705882353,
                            0.39540000000000003,
                            0.2106705882352941,
                            0.39540000000000003,
                            0.2106705882352941,
                            0.4062545454545454,
                            0.1797764705882353,
                            0.4062545454545454
                        ]
                    ]
                }
            ]
        },
        {
            "label": "MailingCityState",
            "key": null,
            "value": [
                {
                    "page": 1,
                    "text": "Singapore",
                    "boundingBoxes": [
                        [
                            0.061235294117647054,
                            0.4262181818181818,
                            0.12528235294117646,
                            0.4262181818181818,
                            0.12528235294117646,
                            0.4375,
                            0.0618,
                            0.4370636363636363
                        ]
                    ]
                },
                {
                    "page": 1,
                    "text": "350034",
                    "boundingBoxes": [
                        [
                            0.12809411764705883,
                            0.4262181818181818,
                            0.17303529411764706,
                            0.4257818181818182,
                            0.17303529411764706,
                            0.43663636363636366,
                            0.1286470588235294,
                            0.4375
                        ]
                    ]
                }
            ]
        },
        {
            "label": "MailingCountry",
            "key": null,
            "value": [
                {
                    "page": 1,
                    "text": "Singapore",
                    "boundingBoxes": [
                        [
                            0.7241529411764707,
                            0.4262181818181818,
                            0.7882,
                            0.4270818181818182,
                            0.787635294117647,
                            0.4370636363636363,
                            0.7241529411764707,
                            0.4370636363636363
                        ]
                    ]
                }
            ]
        },
        {
            "label": "SSN_ITIN",
            "key": null,
            "value": [
                {
                    "page": 1,
                    "text": "13-234-4892",
                    "boundingBoxes": [
                        [
                            0.3219058823529412,
                            0.45790000000000003,
                            0.3955058823529412,
                            0.45790000000000003,
                            0.3955058823529412,
                            0.4678818181818182,
                            0.3224705882352941,
                            0.4678818181818182
                        ]
                    ]
                }
            ]
        },
        {
            "label": "ForeignTaxIdentifyingNumber",
            "key": null,
            "value": [
                {
                    "page": 1,
                    "text": "S012345A",
                    "boundingBoxes": [
                        [
                            0.746070588235294,
                            0.45659999999999995,
                            0.8039294117647059,
                            0.45659999999999995,
                            0.8044941176470588,
                            0.4661454545454546,
                            0.7455058823529412,
                            0.4661454545454546
                        ]
                    ]
                }
            ]
        },
        {
            "label": "ReferenceNumber",
            "key": null,
            "value": [
                {
                    "page": 1,
                    "text": "1040",
                    "boundingBoxes": [
                        [
                            0.23258823529411765,
                            0.4882818181818182,
                            0.2601176470588235,
                            0.4882818181818182,
                            0.2601176470588235,
                            0.49696363636363633,
                            0.23258823529411765,
                            0.49652727272727276
                        ]
                    ]
                }
            ]
        },
        {
            "label": "DateOfBirth",
            "key": null,
            "value": [
                {
                    "page": 1,
                    "text": "03-29-1990",
                    "boundingBoxes": [
                        [
                            0.6539294117647059,
                            0.48914545454545455,
                            0.7196588235294117,
                            0.4882818181818182,
                            0.7196588235294117,
                            0.4974,
                            0.6544941176470589,
                            0.49782727272727273
                        ]
                    ]
                }
            ]
        },
        {
            "label": "ClaimBenefitResident",
            "key": null,
            "value": [
                {
                    "page": 1,
                    "text": "Singapore",
                    "boundingBoxes": [
                        [
                            0.39157647058823525,
                            0.5186636363636364,
                            0.4556235294117647,
                            0.5195272727272727,
                            0.4556235294117647,
                            0.5299454545454545,
                            0.39101176470588234,
                            0.5295181818181818
                        ]
                    ]
                }
            ]
        },
        {
            "label": "ArticleParagraph",
            "key": null,
            "value": [
                {
                    "page": 1,
                    "text": "15",
                    "boundingBoxes": [
                        [
                            0.10955294117647059,
                            0.5638000000000001,
                            0.12247058823529411,
                            0.5638000000000001,
                            0.12247058823529411,
                            0.5729181818181819,
                            0.10955294117647059,
                            0.5724818181818182
                        ]
                    ]
                }
            ]
        },
        {
            "label": "Rate",
            "key": null,
            "value": [
                {
                    "page": 1,
                    "text": "13",
                    "boundingBoxes": [
                        [
                            0.5943764705882353,
                            0.5638000000000001,
                            0.6078705882352942,
                            0.5638000000000001,
                            0.6078705882352942,
                            0.5724818181818182,
                            0.5943764705882353,
                            0.5724818181818182
                        ]
                    ]
                }
            ]
        },
        {
            "label": "TypeOfIncome",
            "key": null,
            "value": [
                {
                    "page": 1,
                    "text": "Trading",
                    "boundingBoxes": [
                        [
                            0.1084235294117647,
                            0.5785545454545454,
                            0.15562352941176472,
                            0.5798636363636364,
                            0.15562352941176472,
                            0.5898454545454546,
                            0.1084235294117647,
                            0.5885454545454546
                        ]
                    ]
                }
            ]
        },
        {
            "label": "AdditionialConditions",
            "key": null,
            "value": [
                {
                    "page": 1,
                    "text": "Example",
                    "boundingBoxes": [
                        [
                            0.10898823529411765,
                            0.609809090909091,
                            0.16236470588235297,
                            0.6093727272727273,
                            0.1618,
                            0.6202272727272727,
                            0.10898823529411765,
                            0.6197909090909092
                        ]
                    ]
                },
                {
                    "page": 1,
                    "text": "statement",
                    "boundingBoxes": [
                        [
                            0.16461176470588235,
                            0.6093727272727273,
                            0.22752941176470587,
                            0.6093727272727273,
                            0.22752941176470587,
                            0.6202272727272727,
                            0.16461176470588235,
                            0.6202272727272727
                        ]
                    ]
                },
                {
                    "page": 1,
                    "text": "goes",
                    "boundingBoxes": [
                        [
                            0.23034117647058824,
                            0.6093727272727273,
                            0.26123529411764707,
                            0.609809090909091,
                            0.26123529411764707,
                            0.6202272727272727,
                            0.23034117647058824,
                            0.6202272727272727
                        ]
                    ]
                },
                {
                    "page": 1,
                    "text": "here",
                    "boundingBoxes": [
                        [
                            0.2640470588235294,
                            0.609809090909091,
                            0.2932588235294118,
                            0.609809090909091,
                            0.2938235294117647,
                            0.6202272727272727,
                            0.2640470588235294,
                            0.6202272727272727
                        ]
                    ]
                }
            ]
        },
        {
            "label": "Date",
            "key": null,
            "value": [
                {
                    "page": 1,
                    "text": "01-18-1985",
                    "boundingBoxes": [
                        [
                            0.7893294117647058,
                            0.890190909090909,
                            0.8561764705882353,
                            0.8893272727272727,
                            0.8556235294117647,
                            0.8988727272727274,
                            0.7898823529411765,
                            0.899309090909091
                        ]
                    ]
                }
            ]
        },
        {
            "label": "NameOfSigner",
            "key": null,
            "value": [
                {
                    "page": 1,
                    "text": "Ho",
                    "boundingBoxes": [
                        [
                            0.1797764705882353,
                            0.9279545454545454,
                            0.1943764705882353,
                            0.9279545454545454,
                            0.1943764705882353,
                            0.9366363636363637,
                            0.17921176470588238,
                            0.9366363636363637
                        ]
                    ]
                },
                {
                    "page": 1,
                    "text": "Lee",
                    "boundingBoxes": [
                        [
                            0.19831764705882352,
                            0.9279545454545454,
                            0.22135294117647059,
                            0.9279545454545454,
                            0.22135294117647059,
                            0.9366363636363637,
                            0.19831764705882352,
                            0.9370636363636364
                        ]
                    ]
                }
            ]
        },
        {
            "label": "CapacityActing",
            "key": null,
            "value": [
                {
                    "page": 1,
                    "text": "Spouse",
                    "boundingBoxes": [
                        [
                            0.6033764705882353,
                            0.9275181818181818,
                            0.65,
                            0.9283818181818181,
                            0.65,
                            0.9379363636363636,
                            0.6033764705882353,
                            0.9379363636363636
                        ]
                    ]
                }
            ]
        }
    ],
    "labelingState": 2
}