{
    "$schema": "https://schema.cognitiveservices.azure.com/formrecognizer/2021-03-01/labels.json",
    "document": "fw8ben_1.pdf",
    "labels": [
        {
            "label": "Name",
            "key": null,
            "value": [
                {
                    "page": 1,
                    "text": "Pamela",
                    "boundingBoxes": [
                        [
                            0.061235294117647054,
                            0.30511818181818184,
                            0.10730588235294118,
                            0.30511818181818184,
                            0.10730588235294118,
                            0.31467272727272727,
                            0.061235294117647054,
                            0.31467272727272727
                        ]
                    ]
                },
                {
                    "page": 1,
                    "text": "R",
                    "boundingBoxes": [
                        [
                            0.10955294117647059,
                            0.30511818181818184,
                            0.11685882352941176,
                            0.30511818181818184,
                            0.11685882352941176,
                            0.31467272727272727,
                            0.10955294117647059,
                            0.31467272727272727
                        ]
                    ]
                },
                {
                    "page": 1,
                    "text": "Mullen",
                    "boundingBoxes": [
                        [
                            0.12247058823529411,
                            0.30511818181818184,
                            0.16348235294117647,
                            0.30511818181818184,
                            0.16348235294117647,
                            0.31467272727272727,
                            0.12247058823529411,
                            0.31467272727272727
                        ]
                    ]
                }
            ]
        },
        {
            "label": "Citizenship",
            "key": null,
            "value": [
                {
                    "page": 1,
                    "text": "Canada",
                    "boundingBoxes": [
                        [
                            0.6174117647058823,
                            0.30555454545454547,
                            0.665164705882353,
                            0.30555454545454547,
                            0.6646117647058825,
                            0.31467272727272727,
                            0.6174117647058823,
                            0.3151
                        ]
                    ]
                }
            ]
        },
        {
            "label": "PermanentStreetAddress",
            "key": null,
            "value": [
                {
                    "page": 1,
                    "text": "388",
                    "boundingBoxes": [
                        [
                            0.06236470588235294,
                            0.3355,
                            0.08202352941176472,
                            0.3355,
                            0.08202352941176472,
                            0.34505454545454545,
                            0.06236470588235294,
                            0.34505454545454545
                        ]
                    ]
                },
                {
                    "page": 1,
                    "text": "Mesa",
                    "boundingBoxes": [
                        [
                            0.08483529411764705,
                            0.33593636363636364,
                            0.11910588235294117,
                            0.33593636363636364,
                            0.11910588235294117,
                            0.34505454545454545,
                            0.08427058823529412,
                            0.34505454545454545
                        ]
                    ]
                },
                {
                    "page": 1,
                    "text": "Vista",
                    "boundingBoxes": [
                        [
                            0.12190588235294118,
                            0.33593636363636364,
                            0.15392941176470587,
                            0.3355,
                            0.15392941176470587,
                            0.34505454545454545,
                            0.1213529411764706,
                            0.34505454545454545
                        ]
                    ]
                },
                {
                    "page": 1,
                    "text": "Drive",
                    "boundingBoxes": [
                        [
                            0.15617647058823528,
                            0.3355,
                            0.18988235294117647,
                            0.3355,
                            0.18988235294117647,
                            0.34505454545454545,
                            0.15617647058823528,
                            0.34505454545454545
                        ]
                    ]
                }
            ]
        },
        {
            "label": "PermanentCityState",
            "key": null,
            "value": [
                {
                    "page": 1,
                    "text": "British",
                    "boundingBoxes": [
                        [
                            0.06291764705882354,
                            0.3654545454545454,
                            0.10112941176470588,
                            0.3654545454545454,
                            0.10168235294117646,
                            0.37586363636363634,
                            0.06348235294117646,
                            0.37586363636363634
                        ]
                    ]
                },
                {
                    "page": 1,
                    "text": "Columbia,",
                    "boundingBoxes": [
                        [
                            0.10449411764705882,
                            0.3654545454545454,
                            0.1691058823529412,
                            0.3654545454545454,
                            0.16965882352941175,
                            0.37586363636363634,
                            0.10505882352941176,
                            0.37586363636363634
                        ]
                    ]
                },
                {
                    "page": 1,
                    "text": "VOK",
                    "boundingBoxes": [
                        [
                            0.1719058823529412,
                            0.3654545454545454,
                            0.1966235294117647,
                            0.3654545454545454,
                            0.1966235294117647,
                            0.37586363636363634,
                            0.1719058823529412,
                            0.37586363636363634
                        ]
                    ]
                },
                {
                    "page": 1,
                    "text": "2LO",
                    "boundingBoxes": [
                        [
                            0.2011294117647059,
                            0.3654545454545454,
                            0.22415294117647058,
                            0.3654545454545454,
                            0.22415294117647058,
                            0.37586363636363634,
                            0.2011294117647059,
                            0.37586363636363634
                        ]
                    ]
                }
            ]
        },
        {
            "label": "PermanentCountry",
            "key": null,
            "value": [
                {
                    "page": 1,
                    "text": "Canada",
                    "boundingBoxes": [
                        [
                            0.7236,
                            0.3658818181818182,
                            0.7702235294117648,
                            0.36631818181818177,
                            0.7702235294117648,
                            0.3754363636363637,
                            0.7236,
                            0.3754363636363637
                        ]
                    ]
                }
            ]
        },
        {
            "label": "SSN_ITIN",
            "key": null,
            "value": [
                {
                    "page": 1,
                    "text": "123-45-6789",
                    "boundingBoxes": [
                        [
                            0.3219058823529412,
                            0.45790000000000003,
                            0.3955058823529412,
                            0.45746363636363635,
                            0.3955058823529412,
                            0.4674454545454545,
                            0.3224705882352941,
                            0.4678818181818182
                        ]
                    ]
                }
            ]
        },
        {
            "label": "DateOfBirth",
            "key": null,
            "value": [
                {
                    "page": 1,
                    "text": "04-15-1974",
                    "boundingBoxes": [
                        [
                            0.6539294117647059,
                            0.48914545454545455,
                            0.7196588235294117,
                            0.4887181818181818,
                            0.7196588235294117,
                            0.4974,
                            0.6539294117647059,
                            0.4974
                        ]
                    ]
                }
            ]
        },
        {
            "label": "ClaimBenefitResident",
            "key": null,
            "value": [
                {
                    "page": 1,
                    "text": "Canada",
                    "boundingBoxes": [
                        [
                            0.39157647058823525,
                            0.5191,
                            0.4370823529411765,
                            0.5191,
                            0.4370823529411765,
                            0.5282090909090909,
                            0.39157647058823525,
                            0.5282090909090909
                        ]
                    ]
                }
            ]
        },
        {
            "label": "ArticleParagraph",
            "key": null,
            "value": [
                {
                    "page": 1,
                    "text": "7",
                    "boundingBoxes": [
                        [
                            0.10898823529411765,
                            0.5638000000000001,
                            0.11629411764705883,
                            0.5642363636363636,
                            0.11516470588235295,
                            0.5729181818181819,
                            0.1084235294117647,
                            0.5724818181818182
                        ]
                    ]
                }
            ]
        },
        {
            "label": "Rate",
            "key": null,
            "value": [
                {
                    "page": 1,
                    "text": "1",
                    "boundingBoxes": [
                        [
                            0.6022470588235295,
                            0.5638000000000001,
                            0.6073058823529411,
                            0.5646727272727273,
                            0.6056235294117647,
                            0.5720454545454546,
                            0.6011294117647059,
                            0.5707454545454546
                        ]
                    ]
                }
            ]
        },
        {
            "label": "AdditionialConditions",
            "key": null,
            "value": [
                {
                    "page": 1,
                    "text": "The",
                    "boundingBoxes": [
                        [
                            0.10955294117647059,
                            0.6093727272727273,
                            0.13089411764705883,
                            0.6093727272727273,
                            0.13089411764705883,
                            0.6193545454545455,
                            0.10898823529411765,
                            0.6189272727272728
                        ]
                    ]
                },
                {
                    "page": 1,
                    "text": "beneficial",
                    "boundingBoxes": [
                        [
                            0.13370588235294117,
                            0.6093727272727273,
                            0.19550588235294117,
                            0.6093727272727273,
                            0.19550588235294117,
                            0.6193545454545455,
                            0.13370588235294117,
                            0.6193545454545455
                        ]
                    ]
                },
                {
                    "page": 1,
                    "text": "owner",
                    "boundingBoxes": [
                        [
                            0.19831764705882352,
                            0.6093727272727273,
                            0.23763529411764703,
                            0.6093727272727273,
                            0.23763529411764703,
                            0.6193545454545455,
                            0.1977529411764706,
                            0.6193545454545455
                        ]
                    ]
                },
                {
                    "page": 1,
                    "text": "does",
                    "boundingBoxes": [
                        [
                            0.24044705882352943,
                            0.6093727272727273,
                            0.27135294117647063,
                            0.6093727272727273,
                            0.2707882352941176,
                            0.6197909090909092,
                            0.2398823529411765,
                            0.6193545454545455
                        ]
                    ]
                },
                {
                    "page": 1,
                    "text": "not",
                    "boundingBoxes": [
                        [
                            0.27415294117647054,
                            0.6093727272727273,
                            0.2955058823529412,
                            0.6093727272727273,
                            0.29494117647058826,
                            0.6197909090909092,
                            0.2736,
                            0.6197909090909092
                        ]
                    ]
                },
                {
                    "page": 1,
                    "text": "carry",
                    "boundingBoxes": [
                        [
                            0.29775294117647055,
                            0.6093727272727273,
                            0.3314588235294118,
                            0.6093727272727273,
                            0.3314588235294118,
                            0.6197909090909092,
                            0.29775294117647055,
                            0.6197909090909092
                        ]
                    ]
                },
                {
                    "page": 1,
                    "text": "on",
                    "boundingBoxes": [
                        [
                            0.3342705882352941,
                            0.6093727272727273,
                            0.34943529411764707,
                            0.6093727272727273,
                            0.34943529411764707,
                            0.6197909090909092,
                            0.3337058823529412,
                            0.6197909090909092
                        ]
                    ]
                },
                {
                    "page": 1,
                    "text": "business",
                    "boundingBoxes": [
                        [
                            0.3533764705882353,
                            0.6093727272727273,
                            0.41123529411764703,
                            0.6093727272727273,
                            0.41123529411764703,
                            0.6197909090909092,
                            0.3528117647058823,
                            0.6197909090909092
                        ]
                    ]
                },
                {
                    "page": 1,
                    "text": "activities",
                    "boundingBoxes": [
                        [
                            0.41404705882352943,
                            0.6093727272727273,
                            0.4707882352941176,
                            0.6093727272727273,
                            0.4707882352941176,
                            0.6197909090909092,
                            0.41404705882352943,
                            0.6197909090909092
                        ]
                    ]
                },
                {
                    "page": 1,
                    "text": "either",
                    "boundingBoxes": [
                        [
                            0.47359999999999997,
                            0.6093727272727273,
                            0.5095529411764705,
                            0.6093727272727273,
                            0.5095529411764705,
                            0.6197909090909092,
                            0.4730352941176471,
                            0.6197909090909092
                        ]
                    ]
                },
                {
                    "page": 1,
                    "text": "through",
                    "boundingBoxes": [
                        [
                            0.5123647058823529,
                            0.6093727272727273,
                            0.562364705882353,
                            0.6093727272727273,
                            0.562364705882353,
                            0.6197909090909092,
                            0.5118,
                            0.6197909090909092
                        ]
                    ]
                },
                {
                    "page": 1,
                    "text": "a",
                    "boundingBoxes": [
                        [
                            0.5657294117647059,
                            0.6093727272727273,
                            0.5730352941176471,
                            0.6093727272727273,
                            0.5730352941176471,
                            0.6197909090909092,
                            0.5657294117647059,
                            0.6197909090909092
                        ]
                    ]
                },
                {
                    "page": 1,
                    "text": "permanent",
                    "boundingBoxes": [
                        [
                            0.5764,
                            0.6093727272727273,
                            0.6449411764705882,
                            0.6093727272727273,
                            0.6449411764705882,
                            0.6197909090909092,
                            0.5764,
                            0.6197909090909092
                        ]
                    ]
                },
                {
                    "page": 1,
                    "text": "establishment",
                    "boundingBoxes": [
                        [
                            0.6471882352941176,
                            0.6093727272727273,
                            0.7365176470588235,
                            0.6093727272727273,
                            0.7365176470588235,
                            0.6193545454545455,
                            0.6471882352941176,
                            0.6197909090909092
                        ]
                    ]
                },
                {
                    "page": 1,
                    "text": "or",
                    "boundingBoxes": [
                        [
                            0.7387647058823529,
                            0.6093727272727273,
                            0.7528117647058824,
                            0.6093727272727273,
                            0.7528117647058824,
                            0.6193545454545455,
                            0.7387647058823529,
                            0.6193545454545455
                        ]
                    ]
                },
                {
                    "page": 1,
                    "text": "a",
                    "boundingBoxes": [
                        [
                            0.7556235294117647,
                            0.6093727272727273,
                            0.7629176470588235,
                            0.6093727272727273,
                            0.7623647058823529,
                            0.6193545454545455,
                            0.7550588235294118,
                            0.6193545454545455
                        ]
                    ]
                },
                {
                    "page": 1,
                    "text": "fixed",
                    "boundingBoxes": [
                        [
                            0.7662941176470588,
                            0.6093727272727273,
                            0.7966235294117647,
                            0.6093727272727273,
                            0.7960705882352942,
                            0.6193545454545455,
                            0.7662941176470588,
                            0.6193545454545455
                        ]
                    ]
                },
                {
                    "page": 1,
                    "text": "base",
                    "boundingBoxes": [
                        [
                            0.7999999999999999,
                            0.6093727272727273,
                            0.8308941176470588,
                            0.6093727272727273,
                            0.8308941176470588,
                            0.6193545454545455,
                            0.7999999999999999,
                            0.6193545454545455
                        ]
                    ]
                },
                {
                    "page": 1,
                    "text": "in",
                    "boundingBoxes": [
                        [
                            0.8337058823529412,
                            0.6093727272727273,
                            0.8460705882352941,
                            0.6093727272727273,
                            0.8460705882352941,
                            0.6193545454545455,
                            0.8337058823529412,
                            0.6193545454545455
                        ]
                    ]
                },
                {
                    "page": 1,
                    "text": "the",
                    "boundingBoxes": [
                        [
                            0.848870588235294,
                            0.6093727272727273,
                            0.8691058823529412,
                            0.6093727272727273,
                            0.8691058823529412,
                            0.6189272727272728,
                            0.8483176470588235,
                            0.6193545454545455
                        ]
                    ]
                },
                {
                    "page": 1,
                    "text": "United",
                    "boundingBoxes": [
                        [
                            0.8719058823529412,
                            0.6093727272727273,
                            0.9129176470588236,
                            0.6093727272727273,
                            0.9123647058823529,
                            0.6189272727272728,
                            0.8713529411764707,
                            0.6189272727272728
                        ]
                    ]
                },
                {
                    "page": 1,
                    "text": "Stat",
                    "boundingBoxes": [
                        [
                            0.9168588235294118,
                            0.6093727272727273,
                            0.9426941176470588,
                            0.6093727272727273,
                            0.9426941176470588,
                            0.6189272727272728,
                            0.9168588235294118,
                            0.6189272727272728
                        ]
                    ]
                }
            ]
        },
        {
            "label": "Date",
            "key": null,
            "value": [
                {
                    "page": 1,
                    "text": "05-02-2021",
                    "boundingBoxes": [
                        [
                            0.7893294117647058,
                            0.8897545454545455,
                            0.8561764705882353,
                            0.8893272727272727,
                            0.8561764705882353,
                            0.899309090909091,
                            0.7898823529411765,
                            0.899309090909091
                        ]
                    ]
                }
            ]
        },
        {
            "label": "NameOfSigner",
            "key": null,
            "value": [
                {
                    "page": 1,
                    "text": "Pamela",
                    "boundingBoxes": [
                        [
                            0.1797764705882353,
                            0.9275181818181818,
                            0.22471764705882352,
                            0.9279545454545454,
                            0.22471764705882352,
                            0.9370636363636364,
                            0.1797764705882353,
                            0.9370636363636364
                        ]
                    ]
                },
                {
                    "page": 1,
                    "text": "R",
                    "boundingBoxes": [
                        [
                            0.22696470588235296,
                            0.9279545454545454,
                            0.23427058823529412,
                            0.9279545454545454,
                            0.23427058823529412,
                            0.9370636363636364,
                            0.22696470588235296,
                            0.9370636363636364
                        ]
                    ]
                },
                {
                    "page": 1,
                    "text": "Mullen",
                    "boundingBoxes": [
                        [
                            0.23932941176470587,
                            0.9279545454545454,
                            0.28202352941176473,
                            0.9279545454545454,
                            0.28145882352941176,
                            0.9370636363636364,
                            0.23932941176470587,
                            0.9370636363636364
                        ]
                    ]
                }
            ]
        }
    ],
    "labelingState": 2
}