{
    "$schema": "https://schema.cognitiveservices.azure.com/formrecognizer/2021-03-01/labels.json",
    "document": "fw8ben_2.pdf",
    "labels": [
        {
            "label": "Name",
            "key": null,
            "value": [
                {
                    "page": 1,
                    "text": "Lucian",
                    "boundingBoxes": [
                        [
                            0.061235294117647054,
                            0.30555454545454547,
                            0.10224705882352941,
                            0.30511818181818184,
                            0.10224705882352941,
                            0.3151,
                            0.061235294117647054,
                            0.31467272727272727
                        ]
                    ]
                },
                {
                    "page": 1,
                    "text": "Striker",
                    "boundingBoxes": [
                        [
                            0.10617647058823529,
                            0.30511818181818184,
                            0.14943529411764706,
                            0.30555454545454547,
                            0.14943529411764706,
                            0.31467272727272727,
                            0.10617647058823529,
                            0.3151
                        ]
                    ]
                }
            ]
        },
        {
            "label": "Citizenship",
            "key": null,
            "value": [
                {
                    "page": 1,
                    "text": "United",
                    "boundingBoxes": [
                        [
                            0.6174117647058823,
                            0.30511818181818184,
                            0.6567411764705883,
                            0.30469090909090907,
                            0.6567411764705883,
                            0.31597272727272724,
                            0.6174117647058823,
                            0.3151
                        ]
                    ]
                },
                {
                    "page": 1,
                    "text": "Kingdom",
                    "boundingBoxes": [
                        [
                            0.6601176470588235,
                            0.30469090909090907,
                            0.7146117647058824,
                            0.30469090909090907,
                            0.7146117647058824,
                            0.31597272727272724,
                            0.6606705882352941,
                            0.31597272727272724
                        ]
                    ]
                }
            ]
        },
        {
            "label": "PermanentStreetAddress",
            "key": null,
            "value": [
                {
                    "page": 1,
                    "text": "123",
                    "boundingBoxes": [
                        [
                            0.06236470588235294,
                            0.3355,
                            0.08258823529411764,
                            0.33593636363636364,
                            0.08258823529411764,
                            0.34505454545454545,
                            0.06291764705882354,
                            0.34505454545454545
                        ]
                    ]
                },
                {
                    "page": 1,
                    "text": "Acacia",
                    "boundingBoxes": [
                        [
                            0.08538823529411765,
                            0.33593636363636364,
                            0.1286470588235294,
                            0.33593636363636364,
                            0.1286470588235294,
                            0.34505454545454545,
                            0.08538823529411765,
                            0.34505454545454545
                        ]
                    ]
                },
                {
                    "page": 1,
                    "text": "Avenue",
                    "boundingBoxes": [
                        [
                            0.13089411764705883,
                            0.33593636363636364,
                            0.17921176470588238,
                            0.3355,
                            0.17921176470588238,
                            0.34505454545454545,
                            0.13089411764705883,
                            0.34505454545454545
                        ]
                    ]
                }
            ]
        },
        {
            "label": "PermanentCityState",
            "key": null,
            "value": [
                {
                    "page": 1,
                    "text": "Norwich,",
                    "boundingBoxes": [
                        [
                            0.061235294117647054,
                            0.3658818181818182,
                            0.11629411764705883,
                            0.3654545454545454,
                            0.11685882352941176,
                            0.37586363636363634,
                            0.0618,
                            0.37586363636363634
                        ]
                    ]
                },
                {
                    "page": 1,
                    "text": "Norfolk",
                    "boundingBoxes": [
                        [
                            0.11854117647058825,
                            0.3654545454545454,
                            0.1657294117647059,
                            0.3654545454545454,
                            0.1657294117647059,
                            0.37586363636363634,
                            0.11910588235294117,
                            0.37586363636363634
                        ]
                    ]
                },
                {
                    "page": 1,
                    "text": "NR99",
                    "boundingBoxes": [
                        [
                            0.16854117647058825,
                            0.3654545454545454,
                            0.20281176470588236,
                            0.3654545454545454,
                            0.20281176470588236,
                            0.3754363636363637,
                            0.16854117647058825,
                            0.37586363636363634
                        ]
                    ]
                },
                {
                    "page": 1,
                    "text": "9ZZ",
                    "boundingBoxes": [
                        [
                            0.20674117647058823,
                            0.3654545454545454,
                            0.2297764705882353,
                            0.3654545454545454,
                            0.22864705882352943,
                            0.3754363636363637,
                            0.2061764705882353,
                            0.3754363636363637
                        ]
                    ]
                }
            ]
        },
        {
            "label": "PermanentCountry",
            "key": null,
            "value": [
                {
                    "page": 1,
                    "text": "United",
                    "boundingBoxes": [
                        [
                            0.7230352941176471,
                            0.3654545454545454,
                            0.7629176470588235,
                            0.3654545454545454,
                            0.7629176470588235,
                            0.37717272727272727,
                            0.7236,
                            0.3763
                        ]
                    ]
                },
                {
                    "page": 1,
                    "text": "Kingdom",
                    "boundingBoxes": [
                        [
                            0.7668588235294118,
                            0.3654545454545454,
                            0.8207882352941177,
                            0.3658818181818182,
                            0.8207882352941177,
                            0.37673636363636365,
                            0.7668588235294118,
                            0.37717272727272727
                        ]
                    ]
                }
            ]
        },
        {
            "label": "MailingStreetAddress",
            "key": null,
            "value": [
                {
                    "page": 1,
                    "text": "134",
                    "boundingBoxes": [
                        [
                            0.0618,
                            0.3958363636363636,
                            0.08202352941176472,
                            0.3958363636363636,
                            0.08258823529411764,
                            0.40581818181818186,
                            0.06236470588235294,
                            0.40581818181818186
                        ]
                    ]
                },
                {
                    "page": 1,
                    "text": "Fulham",
                    "boundingBoxes": [
                        [
                            0.08483529411764705,
                            0.3958363636363636,
                            0.1286470588235294,
                            0.3958363636363636,
                            0.1286470588235294,
                            0.40581818181818186,
                            0.08483529411764705,
                            0.40581818181818186
                        ]
                    ]
                },
                {
                    "page": 1,
                    "text": "Road",
                    "boundingBoxes": [
                        [
                            0.13595294117647058,
                            0.3958363636363636,
                            0.16965882352941175,
                            0.3958363636363636,
                            0.16965882352941175,
                            0.4053818181818182,
                            0.13595294117647058,
                            0.4053818181818182
                        ]
                    ]
                }
            ]
        },
        {
            "label": "MailingCityState",
            "key": null,
            "value": [
                {
                    "page": 1,
                    "text": "London,",
                    "boundingBoxes": [
                        [
                            0.06011764705882353,
                            0.42664545454545455,
                            0.11236470588235294,
                            0.4262181818181818,
                            0.11236470588235294,
                            0.4362,
                            0.06067058823529412,
                            0.4362
                        ]
                    ]
                },
                {
                    "page": 1,
                    "text": "East",
                    "boundingBoxes": [
                        [
                            0.11461176470588234,
                            0.4262181818181818,
                            0.14494117647058824,
                            0.4262181818181818,
                            0.14550588235294115,
                            0.4362,
                            0.11516470588235295,
                            0.4362
                        ]
                    ]
                },
                {
                    "page": 1,
                    "text": "Yorkshire,",
                    "boundingBoxes": [
                        [
                            0.1477529411764706,
                            0.4262181818181818,
                            0.21291764705882354,
                            0.4257818181818182,
                            0.21348235294117646,
                            0.4362,
                            0.1477529411764706,
                            0.4362
                        ]
                    ]
                },
                {
                    "page": 1,
                    "text": "Y041",
                    "boundingBoxes": [
                        [
                            0.2157294117647059,
                            0.4257818181818182,
                            0.24662352941176469,
                            0.4257818181818182,
                            0.24662352941176469,
                            0.43576363636363635,
                            0.2157294117647059,
                            0.4362
                        ]
                    ]
                },
                {
                    "page": 1,
                    "text": "1AB",
                    "boundingBoxes": [
                        [
                            0.24943529411764706,
                            0.4257818181818182,
                            0.2730352941176471,
                            0.4262181818181818,
                            0.2730352941176471,
                            0.43576363636363635,
                            0.24943529411764706,
                            0.43576363636363635
                        ]
                    ]
                }
            ]
        },
        {
            "label": "MailingCountry",
            "key": null,
            "value": [
                {
                    "page": 1,
                    "text": "United",
                    "boundingBoxes": [
                        [
                            0.7236,
                            0.4262181818181818,
                            0.7629176470588235,
                            0.4262181818181818,
                            0.7623647058823529,
                            0.4370636363636363,
                            0.7236,
                            0.4362
                        ]
                    ]
                },
                {
                    "page": 1,
                    "text": "Kingdom",
                    "boundingBoxes": [
                        [
                            0.7662941176470588,
                            0.4262181818181818,
                            0.8196588235294118,
                            0.4262181818181818,
                            0.8191058823529411,
                            0.4370636363636363,
                            0.7657294117647059,
                            0.4370636363636363
                        ]
                    ]
                }
            ]
        },
        {
            "label": "SSN_ITIN",
            "key": null,
            "value": [
                {
                    "page": 1,
                    "text": "14-232-5678",
                    "boundingBoxes": [
                        [
                            0.3219058823529412,
                            0.4583363636363636,
                            0.3943764705882353,
                            0.45790000000000003,
                            0.39494117647058824,
                            0.4674454545454545,
                            0.3224705882352941,
                            0.46701818181818183
                        ]
                    ]
                }
            ]
        },
        {
            "label": "ForeignTaxIdentifyingNumber",
            "key": null,
            "value": [
                {
                    "page": 1,
                    "text": "123-456-7890",
                    "boundingBoxes": [
                        [
                            0.7359529411764706,
                            0.4570272727272728,
                            0.8157294117647059,
                            0.45659999999999995,
                            0.8157294117647059,
                            0.4661454545454546,
                            0.7359529411764706,
                            0.46658181818181815
                        ]
                    ]
                }
            ]
        },
        {
            "label": "ReferenceNumber",
            "key": null,
            "value": [
                {
                    "page": 1,
                    "text": "1099",
                    "boundingBoxes": [
                        [
                            0.23258823529411765,
                            0.4882818181818182,
                            0.2606705882352941,
                            0.4882818181818182,
                            0.2606705882352941,
                            0.49696363636363633,
                            0.23258823529411765,
                            0.49652727272727276
                        ]
                    ]
                }
            ]
        },
        {
            "label": "DateOfBirth",
            "key": null,
            "value": [
                {
                    "page": 1,
                    "text": "07-11-1994",
                    "boundingBoxes": [
                        [
                            0.6539294117647059,
                            0.4887181818181818,
                            0.7202235294117647,
                            0.4882818181818182,
                            0.7196588235294117,
                            0.4974,
                            0.6539294117647059,
                            0.4974
                        ]
                    ]
                }
            ]
        },
        {
            "label": "ClaimBenefitResident",
            "key": null,
            "value": [
                {
                    "page": 1,
                    "text": "United",
                    "boundingBoxes": [
                        [
                            0.39101176470588234,
                            0.5186636363636364,
                            0.42977647058823526,
                            0.5182272727272728,
                            0.42977647058823526,
                            0.5295181818181818,
                            0.39157647058823525,
                            0.5286454545454545
                        ]
                    ]
                },
                {
                    "page": 1,
                    "text": "Kingdom",
                    "boundingBoxes": [
                        [
                            0.43370588235294116,
                            0.5182272727272728,
                            0.48708235294117647,
                            0.5186636363636364,
                            0.48708235294117647,
                            0.5295181818181818,
                            0.43370588235294116,
                            0.5295181818181818
                        ]
                    ]
                }
            ]
        },
        {
            "label": "ArticleParagraph",
            "key": null,
            "value": [
                {
                    "page": 1,
                    "text": "12",
                    "boundingBoxes": [
                        [
                            0.10955294117647059,
                            0.5638000000000001,
                            0.12247058823529411,
                            0.5638000000000001,
                            0.12247058823529411,
                            0.5729181818181819,
                            0.10955294117647059,
                            0.5724818181818182
                        ]
                    ]
                }
            ]
        },
        {
            "label": "Rate",
            "key": null,
            "value": [
                {
                    "page": 1,
                    "text": "0",
                    "boundingBoxes": [
                        [
                            0.6005647058823529,
                            0.5633636363636364,
                            0.6073058823529411,
                            0.5638000000000001,
                            0.6061764705882353,
                            0.5729181818181819,
                            0.5994352941176471,
                            0.5724818181818182
                        ]
                    ]
                }
            ]
        },
        {
            "label": "TypeOfIncome",
            "key": null,
            "value": [
                {
                    "page": 1,
                    "text": "Book",
                    "boundingBoxes": [
                        [
                            0.10787058823529412,
                            0.5794272727272728,
                            0.13988235294117649,
                            0.5794272727272728,
                            0.1404470588235294,
                            0.5894090909090909,
                            0.1084235294117647,
                            0.5894090909090909
                        ]
                    ]
                },
                {
                    "page": 1,
                    "text": "Royalties",
                    "boundingBoxes": [
                        [
                            0.14269411764705883,
                            0.5794272727272728,
                            0.20281176470588236,
                            0.5794272727272728,
                            0.20224705882352942,
                            0.5898454545454546,
                            0.14269411764705883,
                            0.5894090909090909
                        ]
                    ]
                }
            ]
        },
        {
            "label": "AdditionialConditions",
            "key": null,
            "value": [
                {
                    "page": 1,
                    "text": "Beneficial",
                    "boundingBoxes": [
                        [
                            0.1084235294117647,
                            0.6093727272727273,
                            0.16965882352941175,
                            0.6093727272727273,
                            0.16965882352941175,
                            0.6193545454545455,
                            0.1084235294117647,
                            0.6193545454545455
                        ]
                    ]
                },
                {
                    "page": 1,
                    "text": "owner",
                    "boundingBoxes": [
                        [
                            0.17247058823529413,
                            0.6093727272727273,
                            0.21123529411764708,
                            0.6093727272727273,
                            0.21123529411764708,
                            0.6193545454545455,
                            0.17247058823529413,
                            0.6193545454545455
                        ]
                    ]
                },
                {
                    "page": 1,
                    "text": "is",
                    "boundingBoxes": [
                        [
                            0.2140470588235294,
                            0.6093727272727273,
                            0.22696470588235296,
                            0.6093727272727273,
                            0.22696470588235296,
                            0.6193545454545455,
                            0.2140470588235294,
                            0.6193545454545455
                        ]
                    ]
                },
                {
                    "page": 1,
                    "text": "a",
                    "boundingBoxes": [
                        [
                            0.2297764705882353,
                            0.6093727272727273,
                            0.2370823529411765,
                            0.6093727272727273,
                            0.2370823529411765,
                            0.6197909090909092,
                            0.2297764705882353,
                            0.6197909090909092
                        ]
                    ]
                },
                {
                    "page": 1,
                    "text": "permanent",
                    "boundingBoxes": [
                        [
                            0.2398823529411765,
                            0.6093727272727273,
                            0.3078705882352941,
                            0.6093727272727273,
                            0.3078705882352941,
                            0.6197909090909092,
                            0.2398823529411765,
                            0.6197909090909092
                        ]
                    ]
                },
                {
                    "page": 1,
                    "text": "resident",
                    "boundingBoxes": [
                        [
                            0.31011764705882355,
                            0.6093727272727273,
                            0.3629176470588235,
                            0.6093727272727273,
                            0.3629176470588235,
                            0.6197909090909092,
                            0.3106705882352941,
                            0.6197909090909092
                        ]
                    ]
                },
                {
                    "page": 1,
                    "text": "of",
                    "boundingBoxes": [
                        [
                            0.36516470588235295,
                            0.6093727272727273,
                            0.37864705882352945,
                            0.6093727272727273,
                            0.37864705882352945,
                            0.6197909090909092,
                            0.36516470588235295,
                            0.6197909090909092
                        ]
                    ]
                },
                {
                    "page": 1,
                    "text": "the",
                    "boundingBoxes": [
                        [
                            0.3808941176470588,
                            0.6093727272727273,
                            0.40168235294117643,
                            0.6093727272727273,
                            0.40168235294117643,
                            0.6197909090909092,
                            0.3808941176470588,
                            0.6197909090909092
                        ]
                    ]
                },
                {
                    "page": 1,
                    "text": "United",
                    "boundingBoxes": [
                        [
                            0.40449411764705884,
                            0.6093727272727273,
                            0.44494117647058823,
                            0.6093727272727273,
                            0.44494117647058823,
                            0.6197909090909092,
                            0.40449411764705884,
                            0.6197909090909092
                        ]
                    ]
                },
                {
                    "page": 1,
                    "text": "Kingdom.",
                    "boundingBoxes": [
                        [
                            0.44943529411764704,
                            0.6093727272727273,
                            0.5112352941176471,
                            0.6093727272727273,
                            0.5112352941176471,
                            0.6197909090909092,
                            0.44943529411764704,
                            0.6197909090909092
                        ]
                    ]
                }
            ]
        },
        {
            "label": "Date",
            "key": null,
            "value": [
                {
                    "page": 1,
                    "text": "04-11-2021",
                    "boundingBoxes": [
                        [
                            0.7893294117647058,
                            0.890190909090909,
                            0.8561764705882353,
                            0.8897545454545455,
                            0.8561764705882353,
                            0.899309090909091,
                            0.7893294117647058,
                            0.8997363636363637
                        ]
                    ]
                }
            ]
        },
        {
            "label": "NameOfSigner",
            "key": null,
            "value": [
                {
                    "page": 1,
                    "text": "Lucian",
                    "boundingBoxes": [
                        [
                            0.1797764705882353,
                            0.9279545454545454,
                            0.21910588235294118,
                            0.9279545454545454,
                            0.21910588235294118,
                            0.9370636363636364,
                            0.1797764705882353,
                            0.9370636363636364
                        ]
                    ]
                },
                {
                    "page": 1,
                    "text": "Striker",
                    "boundingBoxes": [
                        [
                            0.22360000000000002,
                            0.9279545454545454,
                            0.26685882352941176,
                            0.9275181818181818,
                            0.26685882352941176,
                            0.9370636363636364,
                            0.22360000000000002,
                            0.9370636363636364
                        ]
                    ]
                }
            ]
        }
    ],
    "labelingState": 2
}