{
    "$schema": "https://schema.cognitiveservices.azure.com/formrecognizer/2021-03-01/labels.json",
    "document": "fw8ben_4.pdf",
    "labels": [
        {
            "label": "Name",
            "key": null,
            "value": [
                {
                    "page": 1,
                    "text": "Gabriel",
                    "boundingBoxes": [
                        [
                            0.06236470588235294,
                            0.30511818181818184,
                            0.10674117647058823,
                            0.30511818181818184,
                            0.10674117647058823,
                            0.3151,
                            0.06236470588235294,
                            0.3151
                        ]
                    ]
                },
                {
                    "page": 1,
                    "text": "Jesus",
                    "boundingBoxes": [
                        [
                            0.10955294117647059,
                            0.30555454545454547,
                            0.14831764705882353,
                            0.30555454545454547,
                            0.1477529411764706,
                            0.31467272727272727,
                            0.10898823529411765,
                            0.3151
                        ]
                    ]
                }
            ]
        },
        {
            "label": "Citizenship",
            "key": null,
            "value": [
                {
                    "page": 1,
                    "text": "Brazil",
                    "boundingBoxes": [
                        [
                            0.6174117647058823,
                            0.30555454545454547,
                            0.6539294117647059,
                            0.30511818181818184,
                            0.6544941176470589,
                            0.31467272727272727,
                            0.6174117647058823,
                            0.31467272727272727
                        ]
                    ]
                }
            ]
        },
        {
            "label": "PermanentStreetAddress",
            "key": null,
            "value": [
                {
                    "page": 1,
                    "text": "Conjunto",
                    "boundingBoxes": [
                        [
                            0.06067058823529412,
                            0.3355,
                            0.11797647058823528,
                            0.3355,
                            0.11797647058823528,
                            0.3463545454545454,
                            0.06067058823529412,
                            0.3467909090909091
                        ]
                    ]
                },
                {
                    "page": 1,
                    "text": "Assis",
                    "boundingBoxes": [
                        [
                            0.12078823529411764,
                            0.3355,
                            0.15562352941176472,
                            0.3355,
                            0.15562352941176472,
                            0.3459181818181818,
                            0.12078823529411764,
                            0.3463545454545454
                        ]
                    ]
                },
                {
                    "page": 1,
                    "text": "Chateaubriand",
                    "boundingBoxes": [
                        [
                            0.1584235294117647,
                            0.3355,
                            0.25168235294117647,
                            0.3355,
                            0.25168235294117647,
                            0.34505454545454545,
                            0.1584235294117647,
                            0.3459181818181818
                        ]
                    ]
                },
                {
                    "page": 1,
                    "text": "6128",
                    "boundingBoxes": [
                        [
                            0.2544941176470588,
                            0.3355,
                            0.28538823529411766,
                            0.3355,
                            0.28538823529411766,
                            0.3446181818181818,
                            0.2544941176470588,
                            0.34505454545454545
                        ]
                    ]
                }
            ]
        },
        {
            "label": "PermanentCityState",
            "key": null,
            "value": [
                {
                    "page": 1,
                    "text": "Aracaju,",
                    "boundingBoxes": [
                        [
                            0.06236470588235294,
                            0.3658818181818182,
                            0.11348235294117648,
                            0.3654545454545454,
                            0.11348235294117648,
                            0.3776,
                            0.06291764705882354,
                            0.37673636363636365
                        ]
                    ]
                },
                {
                    "page": 1,
                    "text": "Sergipe",
                    "boundingBoxes": [
                        [
                            0.11629411764705883,
                            0.3654545454545454,
                            0.16404705882352943,
                            0.36501818181818185,
                            0.16404705882352943,
                            0.3776,
                            0.11629411764705883,
                            0.3776
                        ]
                    ]
                },
                {
                    "page": 1,
                    "text": "49090-010",
                    "boundingBoxes": [
                        [
                            0.16741176470588237,
                            0.36501818181818185,
                            0.2308941176470588,
                            0.3654545454545454,
                            0.2308941176470588,
                            0.3763,
                            0.16685882352941175,
                            0.3776
                        ]
                    ]
                }
            ]
        },
        {
            "label": "PermanentCountry",
            "key": null,
            "value": [
                {
                    "page": 1,
                    "text": "Brazil",
                    "boundingBoxes": [
                        [
                            0.7241529411764707,
                            0.3658818181818182,
                            0.7612352941176471,
                            0.3658818181818182,
                            0.7612352941176471,
                            0.3754363636363637,
                            0.7241529411764707,
                            0.3754363636363637
                        ]
                    ]
                }
            ]
        },
        {
            "label": "SSN_ITIN",
            "key": null,
            "value": [
                {
                    "page": 1,
                    "text": "48-457-5894",
                    "boundingBoxes": [
                        [
                            0.3219058823529412,
                            0.4583363636363636,
                            0.39494117647058824,
                            0.4583363636363636,
                            0.3943764705882353,
                            0.4674454545454545,
                            0.3219058823529412,
                            0.4674454545454545
                        ]
                    ]
                }
            ]
        },
        {
            "label": "ForeignTaxIdentifyingNumber",
            "key": null,
            "value": [
                {
                    "page": 1,
                    "text": "1A4859723",
                    "boundingBoxes": [
                        [
                            0.7426941176470588,
                            0.4570272727272728,
                            0.8095529411764706,
                            0.4570272727272728,
                            0.8089882352941177,
                            0.4661454545454546,
                            0.7432588235294117,
                            0.4661454545454546
                        ]
                    ]
                }
            ]
        },
        {
            "label": "ReferenceNumber",
            "key": null,
            "value": [
                {
                    "page": 1,
                    "text": "14",
                    "boundingBoxes": [
                        [
                            0.24101176470588234,
                            0.4882818181818182,
                            0.2533764705882353,
                            0.4887181818181818,
                            0.25281176470588235,
                            0.4974,
                            0.24101176470588234,
                            0.49696363636363633
                        ]
                    ]
                }
            ]
        },
        {
            "label": "DateOfBirth",
            "key": null,
            "value": [
                {
                    "page": 1,
                    "text": "06-14-1969",
                    "boundingBoxes": [
                        [
                            0.6544941176470589,
                            0.48914545454545455,
                            0.7202235294117647,
                            0.4882818181818182,
                            0.7207882352941176,
                            0.4974,
                            0.6544941176470589,
                            0.4974
                        ]
                    ]
                }
            ]
        },
        {
            "label": "ClaimBenefitResident",
            "key": null,
            "value": [
                {
                    "page": 1,
                    "text": "Brazil",
                    "boundingBoxes": [
                        [
                            0.39101176470588234,
                            0.5191,
                            0.4275294117647059,
                            0.5186636363636364,
                            0.4275294117647059,
                            0.5282090909090909,
                            0.39157647058823525,
                            0.5282090909090909
                        ]
                    ]
                }
            ]
        },
        {
            "label": "ArticleParagraph",
            "key": null,
            "value": [
                {
                    "page": 1,
                    "text": "21",
                    "boundingBoxes": [
                        [
                            0.10898823529411765,
                            0.5633636363636364,
                            0.12303529411764706,
                            0.5633636363636364,
                            0.12303529411764706,
                            0.5729181818181819,
                            0.10898823529411765,
                            0.5724818181818182
                        ]
                    ]
                }
            ]
        },
        {
            "label": "Rate",
            "key": null,
            "value": [
                {
                    "page": 1,
                    "text": "3",
                    "boundingBoxes": [
                        [
                            0.6011294117647059,
                            0.5638000000000001,
                            0.6084235294117647,
                            0.5642363636363636,
                            0.6078705882352942,
                            0.5733545454545455,
                            0.6005647058823529,
                            0.5729181818181819
                        ]
                    ]
                }
            ]
        },
        {
            "label": "TypeOfIncome",
            "key": null,
            "value": [
                {
                    "page": 1,
                    "text": "Commissions,",
                    "boundingBoxes": [
                        [
                            0.1084235294117647,
                            0.5789909090909091,
                            0.1977529411764706,
                            0.5794272727272728,
                            0.1977529411764706,
                            0.5889727272727273,
                            0.1084235294117647,
                            0.5885454545454546
                        ]
                    ]
                },
                {
                    "page": 1,
                    "text": "Bonuses",
                    "boundingBoxes": [
                        [
                            0.20056470588235295,
                            0.5794272727272728,
                            0.25617647058823534,
                            0.5798636363636364,
                            0.2556235294117647,
                            0.5894090909090909,
                            0.19999999999999998,
                            0.5894090909090909
                        ]
                    ]
                }
            ]
        },
        {
            "label": "AdditionialConditions",
            "key": null,
            "value": [
                {
                    "page": 1,
                    "text": "The",
                    "boundingBoxes": [
                        [
                            0.10955294117647059,
                            0.609809090909091,
                            0.13089411764705883,
                            0.6093727272727273,
                            0.13089411764705883,
                            0.6197909090909092,
                            0.10898823529411765,
                            0.6197909090909092
                        ]
                    ]
                },
                {
                    "page": 1,
                    "text": "owner",
                    "boundingBoxes": [
                        [
                            0.13370588235294117,
                            0.6093727272727273,
                            0.1736,
                            0.6093727272727273,
                            0.17303529411764706,
                            0.6197909090909092,
                            0.13314117647058824,
                            0.6197909090909092
                        ]
                    ]
                },
                {
                    "page": 1,
                    "text": "only",
                    "boundingBoxes": [
                        [
                            0.1764,
                            0.6093727272727273,
                            0.20337647058823527,
                            0.6093727272727273,
                            0.20337647058823527,
                            0.6197909090909092,
                            0.1758470588235294,
                            0.6197909090909092
                        ]
                    ]
                },
                {
                    "page": 1,
                    "text": "has",
                    "boundingBoxes": [
                        [
                            0.2061764705882353,
                            0.6093727272727273,
                            0.2297764705882353,
                            0.6093727272727273,
                            0.2297764705882353,
                            0.6197909090909092,
                            0.2056235294117647,
                            0.6197909090909092
                        ]
                    ]
                },
                {
                    "page": 1,
                    "text": "permanent",
                    "boundingBoxes": [
                        [
                            0.23258823529411765,
                            0.6093727272727273,
                            0.30056470588235296,
                            0.6093727272727273,
                            0.30056470588235296,
                            0.6197909090909092,
                            0.2320235294117647,
                            0.6197909090909092
                        ]
                    ]
                },
                {
                    "page": 1,
                    "text": "establishment",
                    "boundingBoxes": [
                        [
                            0.3033764705882353,
                            0.6093727272727273,
                            0.3921294117647059,
                            0.6093727272727273,
                            0.3921294117647059,
                            0.6197909090909092,
                            0.30281176470588234,
                            0.6197909090909092
                        ]
                    ]
                },
                {
                    "page": 1,
                    "text": "in",
                    "boundingBoxes": [
                        [
                            0.39494117647058824,
                            0.6093727272727273,
                            0.4073058823529412,
                            0.6093727272727273,
                            0.4067411764705882,
                            0.6197909090909092,
                            0.39494117647058824,
                            0.6197909090909092
                        ]
                    ]
                },
                {
                    "page": 1,
                    "text": "Brazil",
                    "boundingBoxes": [
                        [
                            0.41011764705882353,
                            0.6093727272727273,
                            0.44718823529411766,
                            0.6093727272727273,
                            0.4466235294117647,
                            0.6197909090909092,
                            0.40955294117647056,
                            0.6197909090909092
                        ]
                    ]
                },
                {
                    "page": 1,
                    "text": "and",
                    "boundingBoxes": [
                        [
                            0.45,
                            0.6093727272727273,
                            0.47359999999999997,
                            0.6093727272727273,
                            0.4730352941176471,
                            0.6197909090909092,
                            0.44943529411764704,
                            0.6197909090909092
                        ]
                    ]
                },
                {
                    "page": 1,
                    "text": "all",
                    "boundingBoxes": [
                        [
                            0.4769647058823529,
                            0.6093727272727273,
                            0.4921294117647058,
                            0.6093727272727273,
                            0.4921294117647058,
                            0.6197909090909092,
                            0.4769647058823529,
                            0.6197909090909092
                        ]
                    ]
                },
                {
                    "page": 1,
                    "text": "work",
                    "boundingBoxes": [
                        [
                            0.4949411764705882,
                            0.6093727272727273,
                            0.5258470588235293,
                            0.6093727272727273,
                            0.5252823529411765,
                            0.6197909090909092,
                            0.49437647058823536,
                            0.6197909090909092
                        ]
                    ]
                },
                {
                    "page": 1,
                    "text": "is",
                    "boundingBoxes": [
                        [
                            0.5280941176470588,
                            0.6093727272727273,
                            0.5404470588235294,
                            0.6093727272727273,
                            0.5404470588235294,
                            0.6197909090909092,
                            0.5280941176470588,
                            0.6197909090909092
                        ]
                    ]
                },
                {
                    "page": 1,
                    "text": "performed",
                    "boundingBoxes": [
                        [
                            0.5432588235294118,
                            0.6093727272727273,
                            0.6084235294117647,
                            0.6093727272727273,
                            0.6084235294117647,
                            0.6197909090909092,
                            0.5432588235294118,
                            0.6197909090909092
                        ]
                    ]
                },
                {
                    "page": 1,
                    "text": "in",
                    "boundingBoxes": [
                        [
                            0.6112352941176471,
                            0.6093727272727273,
                            0.6236,
                            0.6093727272727273,
                            0.6236,
                            0.6197909090909092,
                            0.6112352941176471,
                            0.6197909090909092
                        ]
                    ]
                },
                {
                    "page": 1,
                    "text": "Brazil",
                    "boundingBoxes": [
                        [
                            0.6264,
                            0.6093727272727273,
                            0.665164705882353,
                            0.6093727272727273,
                            0.665164705882353,
                            0.6197909090909092,
                            0.6264,
                            0.6197909090909092
                        ]
                    ]
                }
            ]
        },
        {
            "label": "Date",
            "key": null,
            "value": [
                {
                    "page": 1,
                    "text": "04-11-2020",
                    "boundingBoxes": [
                        [
                            0.7893294117647058,
                            0.890190909090909,
                            0.8550588235294118,
                            0.8897545454545455,
                            0.8544941176470588,
                            0.899309090909091,
                            0.7893294117647058,
                            0.899309090909091
                        ]
                    ]
                }
            ]
        },
        {
            "label": "NameOfSigner",
            "key": null,
            "value": [
                {
                    "page": 1,
                    "text": "Eduardo",
                    "boundingBoxes": [
                        [
                            0.17921176470588238,
                            0.9275181818181818,
                            0.2308941176470588,
                            0.9279545454545454,
                            0.2308941176470588,
                            0.9370636363636364,
                            0.1797764705882353,
                            0.9370636363636364
                        ]
                    ]
                },
                {
                    "page": 1,
                    "text": "Jesus",
                    "boundingBoxes": [
                        [
                            0.23427058823529412,
                            0.9279545454545454,
                            0.2724705882352941,
                            0.9279545454545454,
                            0.2724705882352941,
                            0.9370636363636364,
                            0.23427058823529412,
                            0.9370636363636364
                        ]
                    ]
                }
            ]
        },
        {
            "label": "CapacityActing",
            "key": null,
            "value": [
                {
                    "page": 1,
                    "text": "Family",
                    "boundingBoxes": [
                        [
                            0.6028117647058824,
                            0.9270818181818182,
                            0.6432588235294118,
                            0.9275181818181818,
                            0.6432588235294118,
                            0.9383636363636363,
                            0.6028117647058824,
                            0.9379363636363636
                        ]
                    ]
                },
                {
                    "page": 1,
                    "text": "Member",
                    "boundingBoxes": [
                        [
                            0.6460705882352942,
                            0.9275181818181818,
                            0.7000000000000001,
                            0.9275181818181818,
                            0.699435294117647,
                            0.9379363636363636,
                            0.6460705882352942,
                            0.9383636363636363
                        ]
                    ]
                }
            ]
        }
    ],
    "labelingState": 2
}